partType,name,image,url,type,space
storage,Samsung 970 Evo Plus 250 GB M.2-2280 PCIe 3.0 X4 NVME Solid State Drive (MZ-V7S250B/AM),https://cdna.pcpartpicker.com/static/forever/images/product/25a1bf52562913032cce0b7a71b9e323.256p.jpg,https://pcpartpicker.com/product/BDYLrH/samsung-970-evo-plus-250-gb-m2-2280-nvme-solid-state-drive-mz-v7s250bam,NVME,250
storage,Kingston NV2 250 GB M.2-2280 PCIe 4.0 X4 NVME Solid State Drive (SNV2S/250G),https://cdna.pcpartpicker.com/static/forever/images/product/1ab970d9da01e708936041815f8f0505.256p.jpg,https://pcpartpicker.com/product/KQXJ7P/kingston-nv2-250-gb-m2-2280-pcie-40-x4-nvme-solid-state-drive-snv2s250g,NVME,250
storage,Samsung 980 Pro 250 GB M.2-2280 PCIe 4.0 X4 NVME Solid State Drive (MZ-V8P250B/AM),https://cdna.pcpartpicker.com/static/forever/images/product/0031b30a7f5958ebe231983fb79d17ec.256p.jpg,https://pcpartpicker.com/product/MBVG3C/samsung-980-pro-250-gb-m2-2280-nvme-solid-state-drive-mz-v8p250bam,NVME,250
storage,Western Digital Black SN770 250 GB M.2-2280 PCIe 4.0 X4 NVME Solid State Drive (WDS250G3X0E),https://cdna.pcpartpicker.com/static/forever/images/product/8fcb88c883df1ee3563538df639a08c8.256p.jpg,https://pcpartpicker.com/product/fJZ9TW/western-digital-black-sn770-250-gb-m2-2280-pcie-40-x4-nvme-solid-state-drive-wds250g3x0e,NVME,250
storage,Samsung 960 Evo 250 GB M.2-2280 PCIe 3.0 X4 NVME Solid State Drive (MZ-V6E250),https://cdna.pcpartpicker.com/static/forever/images/product/05c84a7f2b020b4efe1b7b736b9eefd0.256p.jpg,https://pcpartpicker.com/product/ZNBrxr/samsung-960-evo-250gb-m2-2280-solid-state-drive-mz-v6e250,NVME,250
storage,Western Digital Blue SN570 250 GB M.2-2280 PCIe 3.0 X4 NVME Solid State Drive (WDS250G3B0C),https://cdna.pcpartpicker.com/static/forever/images/product/c1cdf2d19b482db7c0266e53f6f3893c.256p.jpg,https://pcpartpicker.com/product/RHJgXL/western-digital-blue-sn570-250-gb-m2-2280-nvme-solid-state-drive-wds250g3b0c,NVME,250
storage,Samsung 980 250 GB M.2-2280 PCIe 3.0 X4 NVME Solid State Drive (MZ-V8V250B/AM),https://cdna.pcpartpicker.com/static/forever/images/product/d62d321c924e55fadd54e9316273b330.256p.jpg,https://pcpartpicker.com/product/VMbTwP/samsung-980-250-gb-m2-2280-nvme-solid-state-drive-mz-v8v250bam,NVME,250
storage,Samsung 970 Evo 250 GB M.2-2280 PCIe 3.0 X4 NVME Solid State Drive (MZ-V7E250BW),https://cdna.pcpartpicker.com/static/forever/images/product/09a31f32abb3daaf5ed9b849bd60e675.256p.jpg,https://pcpartpicker.com/product/dkHRsY/samsung-970-evo-250gb-m2-2280-solid-state-drive-mz-v7e250bw,NVME,250
storage,Kingston A2000 250 GB M.2-2280 PCIe 3.0 X4 NVME Solid State Drive (SA2000M8/250G),https://cdna.pcpartpicker.com/static/forever/images/product/d2597c6af85efa2da718727f545317eb.256p.jpg,https://pcpartpicker.com/product/3vWBD3/kingston-a2000-250-gb-m2-2280-nvme-solid-state-drive-sa2000m8250g,NVME,250
storage,HP EX900 250 GB M.2-2280 PCIe 3.0 X4 NVME Solid State Drive (2YY43AA#ABC),https://cdna.pcpartpicker.com/static/forever/images/product/5e726a302be5f554b55eebebd1e1feb7.256p.jpg,https://pcpartpicker.com/product/9wyV3C/hp-ex900-250gb-m2-2280-solid-state-drive-2yy43aaabc,NVME,250
storage,Crucial P2 250 GB M.2-2280 PCIe 3.0 X4 NVME Solid State Drive (CT250P2SSD8),https://cdna.pcpartpicker.com/static/forever/images/product/ce4fd57ee655bf400a82aa84f6ec7ac5.256p.jpg,https://pcpartpicker.com/product/L3jNnQ/crucial-p2-250-gb-m2-2280-nvme-solid-state-drive-ct250p2ssd8,NVME,250
storage,Western Digital Blue SN550 250 GB M.2-2280 PCIe 3.0 X4 NVME Solid State Drive (WDS250G2B0C),https://cdna.pcpartpicker.com/static/forever/images/product/73be90b182cdb68fe899775fb8fa56ed.256p.jpg,https://pcpartpicker.com/product/jNgQzy/western-digital-blue-sn550-250-gb-m2-2280-nvme-solid-state-drive-wds250g2b0c,NVME,250
storage,Samsung 860 Evo 250 GB M.2-2280 SATA Solid State Drive (MZ-N6E250BW),https://cdna.pcpartpicker.com/static/forever/images/product/75f4b71740f1a3bd9cb7a4a793735fd4.256p.jpg,https://pcpartpicker.com/product/G9rmP6/samsung-860-evo-250gb-m2-2280-solid-state-drive-mz-n6e250bw,NVME,250
storage,Western Digital Blue 250 GB M.2-2280 SATA Solid State Drive (WDS250G2B0B),https://cdna.pcpartpicker.com/static/forever/images/product/934b03245c9772e668213ce23429bd1a.256p.jpg,https://pcpartpicker.com/product/w27v6h/western-digital-blue-250gb-m2-2280-solid-state-drive-wds250g2b0b,NVME,250
storage,Western Digital Black SN750 250 GB M.2-2280 PCIe 3.0 X4 NVME Solid State Drive (WDS250G3X0C),https://cdna.pcpartpicker.com/static/forever/images/product/0e711f3edb98f9680cc528271201d8d2.256p.jpg,https://pcpartpicker.com/product/qfQG3C/western-digital-wd_black-sn750-250-gb-m2-2280-nvme-solid-state-drive-wds250g3x0c,NVME,250
storage,Kingston NV1 250 GB M.2-2280 PCIe 3.0 X4 NVME Solid State Drive (SNVS/250G),https://cdna.pcpartpicker.com/static/forever/images/product/f8b8691f92258f8712dcc51e1d10f3d7.256p.jpg,https://pcpartpicker.com/product/Yy92FT/kingston-nv1-250-gb-m2-2280-nvme-solid-state-drive-snvs250g,NVME,250
storage,PNY CS1030 250 GB M.2-2280 PCIe 3.0 X4 NVME Solid State Drive (M280CS1030-250-RB),https://cdna.pcpartpicker.com/static/forever/images/product/dc1afe5da8511a0e7fa1bf8e03c7d08c.256p.jpg,https://pcpartpicker.com/product/L7VmP6/pny-cs1030-250-gb-m2-2280-nvme-solid-state-drive-m280cs1030-250-rb,NVME,250
storage,Samsung 850 Evo 250 GB M.2-2280 SATA Solid State Drive (MZ-N5E250BW),https://cdna.pcpartpicker.com/static/forever/images/product/c1437e4d53fc068ea23466f679b07733.256p.jpg,https://pcpartpicker.com/product/8WZ2FT/samsung-internal-hard-drive-mzn5e250bw,NVME,250
storage,Western Digital Blue SN500 250 GB M.2-2280 PCIe 3.0 X2 NVME Solid State Drive (WDS250G1B0C),https://m.media-amazon.com/images/I/41nVYnsGw+L.jpg,https://pcpartpicker.com/product/73hKHx/western-digital-blue-sn500-250-gb-m2-2280-solid-state-drive-wds250g1b0c,NVME,250
storage,TEAMGROUP T-Force Cardea Z44L 250 GB M.2-2280 PCIe 4.0 X4 NVME Solid State Drive (TM8FPL250G0C127),https://m.media-amazon.com/images/I/41JZmso+DQL.jpg,https://pcpartpicker.com/product/Yqt9TW/teamgroup-t-force-cardea-z44l-250-gb-m2-2280-nvme-solid-state-drive-tm8fpl250g0c127,NVME,250
storage,Western Digital Black SN750 SE 250 GB M.2-2280 PCIe 4.0 X4 NVME Solid State Drive (WDS250G1B0E),https://cdna.pcpartpicker.com/static/forever/images/product/08105799a06f56c779261642b857dd7f.256p.jpg,https://pcpartpicker.com/product/JphFf7/western-digital-wd_black-sn750-se-250-gb-m2-2280-nvme-solid-state-drive-wds250g1b0e,NVME,250
storage,Crucial MX500 250 GB M.2-2280 SATA Solid State Drive (CT250MX500SSD4),https://cdna.pcpartpicker.com/static/forever/images/product/d7f3021a9a05e15649c88a9734ed49a7.256p.jpg,https://pcpartpicker.com/product/n4PKHx/crucial-mx500-250gb-m2-2280-solid-state-drive-ct250mx500ssd4,NVME,250
storage,PNY XLR8 CS3030 250 GB M.2-2280 PCIe 3.0 X4 NVME Solid State Drive (M280CS3030-250-RB),https://cdna.pcpartpicker.com/static/forever/images/product/a8a23703b2021a75e31ca15ce00b9102.256p.jpg,https://pcpartpicker.com/product/jD848d/pny-xlr8-cs3030-250-gb-m2-2280-nvme-solid-state-drive-m280cs3030-250-rb,NVME,250
storage,ADATA Swordfish 250 GB M.2-2280 PCIe 3.0 X4 NVME Solid State Drive (ASWORDFISH-250G-C),https://m.media-amazon.com/images/I/41IhbWsbCWL.jpg,https://pcpartpicker.com/product/cTxbt6/adata-swordfish-250-gb-m2-2280-nvme-solid-state-drive-aswordfish-250g-c,NVME,250
storage,Silicon Power UD85 250 GB M.2-2280 PCIe 4.0 X4 NVME Solid State Drive (SP250GBP44UD8505),https://cdna.pcpartpicker.com/static/forever/images/product/b80655b61313a25a93040d7c5a41e56c.256p.jpg,https://pcpartpicker.com/product/PZLdnQ/silicon-power-ud85-250-gb-m2-2280-pcie-40-x4-nvme-solid-state-drive-sp250gbp44ud8505,NVME,250
storage,Western Digital Blue SA510 250 GB M.2-2280 SATA Solid State Drive (WDS250G3B0B),https://cdna.pcpartpicker.com/static/forever/images/product/796ed8115e6cefe358ef53bfc2fa3130.256p.jpg,https://pcpartpicker.com/product/mX7G3C/western-digital-blue-sa510-250-gb-m2-2280-solid-state-drive-wds250g3b0b,NVME,250
storage,Western Digital Red 250 GB M.2-2280 PCIe 3.0 X4 NVME Solid State Drive (WDS250G1R0C),https://cdna.pcpartpicker.com/static/forever/images/product/9533283915dc0f05e3367cf9acf0591e.256p.jpg,https://pcpartpicker.com/product/mVLFf7/western-digital-wd-red-sn700-250-gb-m2-2280-nvme-solid-state-drive-wds250g1r0c,NVME,250
storage,Crucial P5 250 GB M.2-2280 PCIe 3.0 X4 NVME Solid State Drive (CT250P5SSD8),https://cdna.pcpartpicker.com/static/forever/images/product/e46c5aa8f074885dd4e90806b2725969.256p.jpg,https://pcpartpicker.com/product/cv7p99/crucial-p5-250-gb-m2-2280-nvme-solid-state-drive-ct250p5ssd8,NVME,250
storage,Western Digital Black NVMe 250 GB M.2-2280 PCIe 3.0 X4 NVME Solid State Drive (WDS250G2X0C),https://cdna.pcpartpicker.com/static/forever/images/product/135d7e90e93b70cf796ddf36aece6d32.256p.jpg,https://pcpartpicker.com/product/kGndnQ/western-digital-black-nvme-250gb-m2-2280-solid-state-drive-wds250g2x0c,NVME,250
storage,KIOXIA EXCERIA 250 GB M.2-2280 PCIe 3.0 X4 NVME Solid State Drive (LRC10Z250GG8),https://cdna.pcpartpicker.com/static/forever/images/product/20c39a2ab3c801fee8c7c8f4afc77f8d.256p.jpg,https://pcpartpicker.com/product/TYjBD3/kioxia-exceria-250-gb-m2-2280-nvme-solid-state-drive-lrc10z250gg8,NVME,250
storage,TEAMGROUP MP44L 250 GB M.2-2280 PCIe 4.0 X4 NVME Solid State Drive (TM8FPK250G0C101),https://cdna.pcpartpicker.com/static/forever/images/product/bf5ef61b04ba1236b86cf004eae91a9c.256p.jpg,https://pcpartpicker.com/product/b2hFf7/teamgroup-mp44l-250-gb-m2-2280-pcie-40-x4-nvme-solid-state-drive-tm8fpk250g0c101,NVME,250
storage,Western Digital Blue 250 GB M.2-2280 SATA Solid State Drive (WDS250G1B0B),https://cdna.pcpartpicker.com/static/forever/images/product/61f2120808b1d3da31584fe6bb602f38.256p.jpg,https://pcpartpicker.com/product/smBrxr/western-digital-blue-250gb-m2-2280-solid-state-drive-wds250g1b0b,NVME,250
storage,Inland Prime 250 GB M.2-2280 PCIe 3.0 X4 NVME Solid State Drive (618996750016),https://m.media-amazon.com/images/I/41yJuf8OF8L.jpg,https://pcpartpicker.com/product/v9gFf7/inland-prime-250-gb-m2-2280-nvme-solid-state-drive-618996750016,NVME,250
storage,Netac NV3000 250 GB M.2-2280 PCIe 3.0 X4 NVME Solid State Drive (NT01NV3000-250-E4X),https://m.media-amazon.com/images/I/410VxUXY36L.jpg,https://pcpartpicker.com/product/cV7scf/netac-nv3000-250-gb-m2-2280-pcie-30-x4-nvme-solid-state-drive-nt01nv3000-250-e4x,NVME,250
storage,Seagate FireCuda 510 250 GB M.2-2280 PCIe 3.0 X4 NVME Solid State Drive (ZP250GM3A001),https://cdna.pcpartpicker.com/static/forever/images/product/161b36c9d21c312171430137cf8fae9f.256p.jpg,https://pcpartpicker.com/product/BkqPxr/seagate-firecuda-510-250-gb-m2-2280-nvme-solid-state-drive-zp250gm3a001,NVME,250
storage,Lexar NM610 250 GB M.2-2280 PCIe 3.0 X4 NVME Solid State Drive (LNM610-250RBNA),https://m.media-amazon.com/images/I/41ubICQ9i9L.jpg,https://pcpartpicker.com/product/F3jNnQ/lexar-nm610-250-gb-m2-2280-nvme-solid-state-drive-lnm610-250rbna,NVME,250
storage,Kingston KC2000 250 GB M.2-2280 PCIe 3.0 X4 NVME Solid State Drive (SKC2000M8/250G),https://cdna.pcpartpicker.com/static/forever/images/product/820a5fc34269d4a88c72b95251b60308.256p.jpg,https://pcpartpicker.com/product/79GnTW/kingston-kc2000-250-gb-m2-2280-nvme-solid-state-drive-skc2000m8250g,NVME,250
storage,Kingston KC2500 250 GB M.2-2280 PCIe 3.0 X4 NVME Solid State Drive (SKC2500M8/250G),https://cdna.pcpartpicker.com/static/forever/images/product/ed1833a9b97c823be379e874df2e4e8c.256p.jpg,https://pcpartpicker.com/product/MpsnTW/kingston-kc2500-250-gb-m2-2280-nvme-solid-state-drive-skc2500m8250g,NVME,250
storage,Crucial MX200 250 GB M.2-2260 SATA Solid State Drive (CT250MX200SSD6),https://cdna.pcpartpicker.com/static/forever/images/product/44d696ac412566154328aa5c4fcfd6b0.256p.jpg,https://pcpartpicker.com/product/X4DzK8/crucial-internal-hard-drive-ct250mx200ssd6,NVME,250
storage,Integral M2 250 GB M.2-2280 PCIe 3.0 X4 NVME Solid State Drive (INSSD250GM280NM2),https://cdna.pcpartpicker.com/static/forever/images/product/e095354f77af383cb470853e1c86e871.256p.jpg,https://pcpartpicker.com/product/rHBzK8/integral-m2-250-gb-m2-2280-pcie-30-x4-nvme-solid-state-drive-inssd250gm280nm2,NVME,250
storage,Western Digital Black SN750 Rev2 250 GB M.2-2280 PCIe 3.0 X4 NVME Solid State Drive (WDBRPG2500ANC-WRSN),https://cdna.pcpartpicker.com/static/forever/images/product/9fe187bf1c1498c9635f3f9dc27b319d.256p.jpg,https://pcpartpicker.com/product/XbxRsY/western-digital-wd_black-sn750-rev2-250-gb-m2-2280-nvme-solid-state-drive-wdbrpg2500anc-wrsn,NVME,250
storage,Seagate FireCuda 510 250 GB M.2-2280 PCIe 3.0 X4 NVME Solid State Drive (ZP250CM3A001),https://cdna.pcpartpicker.com/static/forever/images/product/807f972fa748821c508dcc9f1086c654.256p.jpg,https://pcpartpicker.com/product/NMFKHx/seagate-barracuda-510-250-gb-m2-2280-nvme-solid-state-drive-zp250cm3a001,NVME,250
storage,PNY CS900 250 GB M.2-2280 SATA Solid State Drive (M280CS900-250-RB),https://cdna.pcpartpicker.com/static/forever/images/product/85b08ac704742d9f1a680568b7c66230.256p.jpg,https://pcpartpicker.com/product/bmt9TW/pny-cs900-250-gb-m2-2280-solid-state-drive-m280cs900-250-rb,NVME,250
storage,Silicon Power UD90 250 GB M.2-2280 PCIe 4.0 X4 NVME Solid State Drive (SP250GBP44UD9005),https://cdna.pcpartpicker.com/static/forever/images/product/8d50b72c86e4d5376f8d6b4483cf52e9.256p.jpg,https://pcpartpicker.com/product/ZdZ9TW/silicon-power-ud90-250-gb-m2-2280-nvme-solid-state-drive-sp250gbp44ud9005,NVME,250
storage,Silicon Power UD80 250 GB M.2-2280 PCIe 3.0 X4 NVME Solid State Drive (SP250GBP34UD8005),https://cdna.pcpartpicker.com/static/forever/images/product/d93afe0fccafa314a183073397cd9557.256p.jpg,https://pcpartpicker.com/product/nqjBD3/silicon-power-ud80-250-gb-m2-2280-nvme-solid-state-drive-sp250gbp34ud8005,NVME,250
storage,SanDisk Ultra 250 GB M.2-2280 PCIe 3.0 X4 NVME Solid State Drive (SDSSDH3N-250G-G25),https://upload.wikimedia.org/wikipedia/commons/thumb/a/ac/No_image_available.svg/256px-No_image_available.jpg,https://pcpartpicker.com/product/kn8bt6/sandisk-ultra-250-gb-m2-2280-nvme-solid-state-drive-sdssdh3n-250g-g25,NVME,250
storage,Mushkin Helix-L 250 GB M.2-2280 PCIe 3.0 X4 NVME Solid State Drive (MKNSSDHL250GB-D8),https://cdna.pcpartpicker.com/static/forever/images/product/7d8d0e5da3832154fe44ed96ca63d0b3.256p.jpg,https://pcpartpicker.com/product/TRfhP6/mushkin-enhanced-helix-l-250-gb-m2-2280-solid-state-drive-mknssdhl250gb-d8,NVME,250
storage,Crucial MX200 250 GB M.2-2280 SATA Solid State Drive (CT250MX200SSD4),https://images-na.ssl-images-amazon.com/images/I/41o5AH4aGQL.jpg,https://pcpartpicker.com/product/HP648d/crucial-internal-hard-drive-ct250mx200ssd4,NVME,250
storage,MSI SPATIUM M460 HS 250 GB M.2-2280 PCIe 4.0 X4 NVME Solid State Drive (SPATIUM-M460-HS-250GB),https://upload.wikimedia.org/wikipedia/commons/thumb/a/ac/No_image_available.svg/256px-No_image_available.jpg,https://pcpartpicker.com/product/w7rRsY/msi-spatium-m460-hs-250-gb-m2-2280-pcie-40-x4-nvme-solid-state-drive-spatium-m460-hs-250gb,NVME,250
storage,VisionTek PRO2 250 GB M.2-2280 PCIe 3.0 X4 NVME Solid State Drive (901172),https://cdna.pcpartpicker.com/static/forever/images/product/f4108a89175b45d38526cdefe3212a22.256p.jpg,https://pcpartpicker.com/product/YZprxr/visiontek-pro2-250-gb-m2-2280-nvme-solid-state-drive-901172,NVME,250
storage,ADATA Legend 740 250 GB M.2-2280 PCIe 3.0 X4 NVME Solid State Drive (ALEG-740-250GCS),https://cdna.pcpartpicker.com/static/forever/images/product/9b9976e414df369708f0abe6844b73fa.256p.jpg,https://pcpartpicker.com/product/BrKKHx/adata-legend-740-250-gb-m2-2280-nvme-solid-state-drive-aleg-740-250gcs,NVME,250
storage,Mushkin Pilot-E 250 GB M.2-2280 PCIe 3.0 X4 NVME Solid State Drive (MKNSSDPE250GB-D8),https://cdna.pcpartpicker.com/static/forever/images/product/e16c1031c858a6a54444936b413924d6.256p.jpg,https://pcpartpicker.com/product/ZFzFf7/mushkin-enhanced-pilot-e-250-gb-m2-2280-nvme-solid-state-drive-mknssdpe250gb-d8,NVME,250
storage,Mushkin PILOT 250 GB M.2-2280 PCIe 3.0 X4 NVME Solid State Drive (MKNSSDPL250GB-D8),https://m.media-amazon.com/images/I/4116zQRMQBL.jpg,https://pcpartpicker.com/product/twF48d/mushkin-pilot-250gb-m2-2280-solid-state-drive-mknssdpl250gb-d8,NVME,250
storage,Western Digital Blue SN580 250 GB M.2-2280 PCIe 4.0 X4 NVME Solid State Drive (WDS250G3B0E),https://cdna.pcpartpicker.com/static/forever/images/product/dfbfd7d2c8c2858791c271c8253f64e1.256p.jpg,https://pcpartpicker.com/product/xx26Mp/western-digital-blue-sn580-250-gb-m2-2280-pcie-40-x4-nvme-solid-state-drive-wds250g3b0e,NVME,250
storage,MSI SPATIUM M460 250 GB M.2-2280 PCIe 4.0 X4 NVME Solid State Drive (SPATIUM-M460-250GB),https://upload.wikimedia.org/wikipedia/commons/thumb/a/ac/No_image_available.svg/256px-No_image_available.jpg,https://pcpartpicker.com/product/Mwt9TW/msi-spatium-m460-250-gb-m2-2280-pcie-40-x4-nvme-solid-state-drive-spatium-m460-250gb,NVME,250
storage,Mushkin Atlas Vital 250 GB M.2-2280 SATA Solid State Drive (MKNSSDAV250GB-D8),https://m.media-amazon.com/images/I/41DVF8HVx+L.jpg,https://pcpartpicker.com/product/k8M323/mushkin-internal-hard-drive-mknssdav250gbd8,NVME,250
storage,V7 S6000 250 GB M.2-2280 SATA Solid State Drive (V7S6000M2-250),https://cdna.pcpartpicker.com/static/forever/images/product/f12a4787a73ff31f0649becf8eb066f6.256p.jpg,https://pcpartpicker.com/product/mHTp99/v7-s6000-250-gb-m2-2280-sata-solid-state-drive-v7s6000m2-250,NVME,250
storage,ADATA LEGEND 700 250 GB M.2-2280 PCIe 3.0 X4 NVME Solid State Drive (ALEG-700-250GCS),https://upload.wikimedia.org/wikipedia/commons/thumb/a/ac/No_image_available.svg/256px-No_image_available.jpg,https://pcpartpicker.com/product/dKYmP6/adata-legend-700-250-gb-m2-2280-pcie-30-x4-nvme-solid-state-drive-aleg-700-250gcs,NVME,250
storage,VisionTek PRO 250 GB M.2-2280 SATA Solid State Drive (901185),https://cdna.pcpartpicker.com/static/forever/images/product/20e9f880e9d4fb446b94656f2ecd7a7b.256p.jpg,https://pcpartpicker.com/product/x6KcCJ/visiontek-pro-250gb-m2-2280-solid-state-drive-901185,NVME,250
storage,Gigabyte Gen3 2500E 500 GB M.2-2280 PCIe 3.0 X4 NVME Solid State Drive (G325E500G),https://cdna.pcpartpicker.com/static/forever/images/product/149b1f5a97a72308596886f1c6e174b1.256p.jpg,https://pcpartpicker.com/product/GsRYcf/gigabyte-gen3-2500e-500-gb-m2-2280-pcie-30-x4-nvme-solid-state-drive-g325e500g,NVME,250
storage,Samsung 970 Evo Plus 500 GB M.2-2280 PCIe 3.0 X4 NVME Solid State Drive (MZ-V7S500B/AM),https://cdna.pcpartpicker.com/static/forever/images/product/25a1bf52562913032cce0b7a71b9e323.256p.jpg,https://pcpartpicker.com/product/TwWfrH/samsung-970-evo-plus-500-gb-m2-2280-nvme-solid-state-drive-mz-v7s500bam,NVME,500
storage,Kingston NV2 500 GB M.2-2280 PCIe 4.0 X4 NVME Solid State Drive (SNV2S/500G),https://cdna.pcpartpicker.com/static/forever/images/product/b95d0c7234714c4d7bb0f246c23cd3b9.256p.jpg,https://pcpartpicker.com/product/QvpzK8/kingston-nv2-500-gb-m2-2280-pcie-40-x4-nvme-solid-state-drive-snv2s500g,NVME,500
storage,Crucial P3 500 GB M.2-2280 PCIe 3.0 X4 NVME Solid State Drive (CT500P3SSD8),https://cdna.pcpartpicker.com/static/forever/images/product/5b0cd518feacc76794f17f75745b2907.256p.jpg,https://pcpartpicker.com/product/XKt9TW/crucial-p3-500-gb-m2-2280-nvme-solid-state-drive-ct500p3ssd8,NVME,500
storage,Samsung 980 Pro 500 GB M.2-2280 PCIe 4.0 X4 NVME Solid State Drive (MZ-V8P500B/AM),https://cdna.pcpartpicker.com/static/forever/images/product/81d258654f0eb603dc240de6cbca9754.256p.jpg,https://pcpartpicker.com/product/w96qqs/samsung-980-pro-500-gb-m2-2280-nvme-solid-state-drive-mz-v8p500bam,NVME,500
storage,Western Digital Blue SN570 500 GB M.2-2280 PCIe 3.0 X4 NVME Solid State Drive (WDS500G3B0C),https://cdna.pcpartpicker.com/static/forever/images/product/820f4e4ac27af85645afeaabc7b82f04.256p.jpg,https://pcpartpicker.com/product/9FH7YJ/western-digital-blue-sn570-500-gb-m2-2280-nvme-solid-state-drive-wds500g3b0c,NVME,500
storage,Samsung 980 500 GB M.2-2280 PCIe 3.0 X4 NVME Solid State Drive (MZ-V8V500B/AM),https://cdna.pcpartpicker.com/static/forever/images/product/ca0b46376f072d2483c385bad50c6310.256p.jpg,https://pcpartpicker.com/product/m6rRsY/samsung-980-500-gb-m2-2280-nvme-solid-state-drive-mz-v8v500bam,NVME,500
storage,Western Digital Black SN770 500 GB M.2-2280 PCIe 4.0 X4 NVME Solid State Drive (WDS500G3X0E),https://cdna.pcpartpicker.com/static/forever/images/product/8fcb88c883df1ee3563538df639a08c8.256p.jpg,https://pcpartpicker.com/product/nWC48d/western-digital-500-gb-m2-2280-nvme-solid-state-drive-wds500g3x0e,NVME,500
storage,Crucial P3 Plus 500 GB M.2-2280 PCIe 4.0 X4 NVME Solid State Drive (CT500P3PSSD8),https://cdna.pcpartpicker.com/static/forever/images/product/2830bf3ba317c794ccde742efe4304be.256p.jpg,https://pcpartpicker.com/product/vPpzK8/crucial-p3-plus-500-gb-m2-2280-nvme-solid-state-drive-ct500p3pssd8,NVME,500
storage,MSI SPATIUM M450 500 GB M.2-2280 PCIe 4.0 X4 NVME Solid State Drive (SM450N500),https://cdna.pcpartpicker.com/static/forever/images/product/e8f5a6db129f6810742530380a15bc25.256p.jpg,https://pcpartpicker.com/product/hwXJ7P/msi-spatium-m450-500-gb-m2-2280-pcie-40-x4-nvme-solid-state-drive-sm450n500,NVME,500
storage,Crucial P5 Plus 500 GB M.2-2280 PCIe 4.0 X4 NVME Solid State Drive (CT500P5PSSD8),https://cdna.pcpartpicker.com/static/forever/images/product/43c2b68eaed9cd66fa6d7d71ee8e2756.256p.jpg,https://pcpartpicker.com/product/9XM48d/crucial-p5-plus-500-gb-m2-2280-pcie-40-x4-nvme-solid-state-drive-ct500p5pssd8,NVME,500
storage,Samsung 970 Evo 500 GB M.2-2280 PCIe 3.0 X4 NVME Solid State Drive (MZ-V7E500BW),https://cdna.pcpartpicker.com/static/forever/images/product/09a31f32abb3daaf5ed9b849bd60e675.256p.jpg,https://pcpartpicker.com/product/P4ZFf7/samsung-970-evo-500gb-m2-2280-solid-state-drive-mz-v7e500bw,NVME,500
storage,Western Digital Blue SN550 500 GB M.2-2280 PCIe 3.0 X4 NVME Solid State Drive (WDS500G2B0C),https://cdna.pcpartpicker.com/static/forever/images/product/73be90b182cdb68fe899775fb8fa56ed.256p.jpg,https://pcpartpicker.com/product/zFK2FT/western-digital-blue-sn550-500-gb-m2-2280-nvme-solid-state-drive-wds500g2b0c,NVME,500
storage,Crucial P2 500 GB M.2-2280 PCIe 3.0 X4 NVME Solid State Drive (CT500P2SSD8),https://cdna.pcpartpicker.com/static/forever/images/product/50d7356e9199580f1c35e7b8f01232ab.256p.jpg,https://pcpartpicker.com/product/G9XYcf/crucial-p2-500-gb-m2-2280-nvme-solid-state-drive-ct500p2ssd8,NVME,500
storage,Western Digital Black SN750 500 GB M.2-2280 PCIe 3.0 X4 NVME Solid State Drive (WDS500G3X0C),https://cdna.pcpartpicker.com/static/forever/images/product/0e711f3edb98f9680cc528271201d8d2.256p.jpg,https://pcpartpicker.com/product/KTQG3C/western-digital-wd_black-sn750-500-gb-m2-2280-nvme-solid-state-drive-wds500g3x0c,NVME,500
storage,PNY CS1030 500 GB M.2-2280 PCIe 3.0 X4 NVME Solid State Drive (M280CS1030-500-RB),https://m.media-amazon.com/images/I/41vUAyn18JL.jpg,https://pcpartpicker.com/product/VFzFf7/pny-cs1030-500-gb-m2-2280-nvme-solid-state-drive-m280cs1030-500-rb,NVME,500
storage,Sabrent Rocket 4.0 500 GB M.2-2280 PCIe 4.0 X4 NVME Solid State Drive (SB-ROCKET-NVMe4-500),https://m.media-amazon.com/images/I/413rjUXLtJL.jpg,https://pcpartpicker.com/product/PMbCmG/sabrent-rocket-40-500-gb-m2-2280-nvme-solid-state-drive-sb-rocket-nvme4-500,NVME,500
storage,Kingston A2000 500 GB M.2-2280 PCIe 3.0 X4 NVME Solid State Drive (SA2000M8/500G),https://cdna.pcpartpicker.com/static/forever/images/product/d2597c6af85efa2da718727f545317eb.256p.jpg,https://pcpartpicker.com/product/RykgXL/kingston-a2000-500-gb-m2-2280-nvme-solid-state-drive-sa2000m8500g,NVME,500
storage,Kingston NV1 500 GB M.2-2280 PCIe 3.0 X4 NVME Solid State Drive (SNVS/500G),https://cdna.pcpartpicker.com/static/forever/images/product/4b38e34b765a81eddcd84d5450a7f353.256p.jpg,https://pcpartpicker.com/product/H8XJ7P/kingston-nv1-500-gb-m2-2280-nvme-solid-state-drive-snvs500g,NVME,500
storage,Samsung 960 Evo 500 GB M.2-2280 PCIe 3.0 X4 NVME Solid State Drive (MZ-V6E500),https://cdna.pcpartpicker.com/static/forever/images/product/a1607c19818f4ace2cb342e1fbac5f1f.256p.jpg,https://pcpartpicker.com/product/Ykbkcf/samsung-960-evo-500gb-m2-2280-solid-state-drive-mz-v6e500,NVME,500
storage,Western Digital Black SN850 500 GB M.2-2280 PCIe 4.0 X4 NVME Solid State Drive (WDS500G1X0E),https://cdna.pcpartpicker.com/static/forever/images/product/67ae19fe7847cb5bf67f4448e717e831.256p.jpg,https://pcpartpicker.com/product/jhfFf7/western-digital-black-sn850-500-gb-m2-2280-nvme-solid-state-drive-wds500g1x0e,NVME,500
storage,Western Digital Blue 500 GB M.2-2280 SATA Solid State Drive (WDS500G2B0B),https://cdna.pcpartpicker.com/static/forever/images/product/5d75e5e4274a02ca8924d7c4d2a575b2.256p.jpg,https://pcpartpicker.com/product/6j448d/western-digital-blue-500gb-m2-2280-solid-state-drive-wds500g2b0b,NVME,500
storage,Crucial P1 500 GB M.2-2280 PCIe 3.0 X4 NVME Solid State Drive (CT500P1SSD8),https://cdna.pcpartpicker.com/static/forever/images/product/3afa89ce6760b9a5d8befc5e7b2fdc5d.256p.jpg,https://pcpartpicker.com/product/xpYLrH/crucial-p1-500gb-m2-2280-solid-state-drive-ct500p1ssd8,NVME,500
storage,Solidigm P41 Plus 500 GB M.2-2280 PCIe 4.0 X4 NVME Solid State Drive (SSDPFKNU512GZX1),https://cdna.pcpartpicker.com/static/forever/images/product/aafcbf420443bb76cfe6a8c174f447db.256p.jpg,https://pcpartpicker.com/product/FYM48d/solidigm-p41-plus-500-gb-m2-2280-pcie-40-x4-nvme-solid-state-drive-ssdpfknu512gzx1,NVME,500
storage,Gigabyte AORUS Gen4 500 GB M.2-2280 PCIe 4.0 X4 NVME Solid State Drive (GP-AG4500G),https://cdna.pcpartpicker.com/static/forever/images/product/b027f3fe6eebed7fcf692e9cb36990c9.256p.jpg,https://pcpartpicker.com/product/nPjNnQ/gigabyte-aorus-gen4-500-gb-m2-2280-nvme-solid-state-drive-gp-ag4500g,NVME,500
storage,Kingston Fury Renegade 500 GB M.2-2280 PCIe 4.0 X4 NVME Solid State Drive (SFYRS/500G),https://cdna.pcpartpicker.com/static/forever/images/product/4a39091cc852e56b16b02febdadeb3a7.256p.jpg,https://pcpartpicker.com/product/Kdt9TW/kingston-fury-renegade-500-gb-m2-2280-nvme-solid-state-drive-sfyrs500g,NVME,500
storage,Western Digital Black SN750 SE 500 GB M.2-2280 PCIe 4.0 X4 NVME Solid State Drive (WDS500G1B0E),https://cdna.pcpartpicker.com/static/forever/images/product/08105799a06f56c779261642b857dd7f.256p.jpg,https://pcpartpicker.com/product/vDwypg/western-digital-wd_black-sn750-se-500-gb-m2-2280-nvme-solid-state-drive-wds500g1b0e,NVME,500
storage,Silicon Power UD85 500 GB M.2-2280 PCIe 4.0 X4 NVME Solid State Drive (SP500GBP44UD8505),https://cdna.pcpartpicker.com/static/forever/images/product/b80655b61313a25a93040d7c5a41e56c.256p.jpg,https://pcpartpicker.com/product/JcfxFT/silicon-power-ud85-500-gb-m2-2280-pcie-40-x4-nvme-solid-state-drive-sp500gbp44ud8505,NVME,500
storage,SK Hynix Gold P31 500 GB M.2-2280 PCIe 3.0 X4 NVME Solid State Drive (SHGP31-500GM-2),https://upload.wikimedia.org/wikipedia/commons/thumb/a/ac/No_image_available.svg/256px-No_image_available.jpg,https://pcpartpicker.com/product/8msnTW/sk-hynix-gold-p31-500-gb-m2-2280-nvme-solid-state-drive-shgp31-500gm-2,NVME,500
storage,Corsair MP600 GS 500 GB M.2-2280 PCIe 4.0 X4 NVME Solid State Drive (CSSD-F0500GBMP600GS),https://m.media-amazon.com/images/I/41QpdkokikL.jpg,https://pcpartpicker.com/product/Ztwypg/corsair-mp600-gs-500-gb-m2-2280-pcie-40-x4-nvme-solid-state-drive-cssd-f0500gbmp600gs,NVME,500
storage,Seagate FireCuda 530 500 GB M.2-2280 PCIe 4.0 X4 NVME Solid State Drive (ZP500GM3A013),https://cdna.pcpartpicker.com/static/forever/images/product/45bb5064d2cbc808e4be407cab78f026.256p.jpg,https://pcpartpicker.com/product/2NxRsY/seagate-firecuda-530-500-gb-m2-2280-nvme-solid-state-drive-zp500gm3a013,NVME,500
storage,HP EX900 500 GB M.2-2280 PCIe 3.0 X4 NVME Solid State Drive (2YY44AA#ABC),https://cdna.pcpartpicker.com/static/forever/images/product/7689d386638ded96fd6067f7bd43abc6.256p.jpg,https://pcpartpicker.com/product/7stQzy/hp-ex900-500mb-m2-2280-solid-state-drive-2yy44aaabc,NVME,500
storage,TEAMGROUP T-Force Cardea Z44L 500 GB M.2-2280 PCIe 4.0 X4 NVME Solid State Drive (TM8FPL500G0C127),https://cdna.pcpartpicker.com/static/forever/images/product/eecbdd8aac6a11b6518a94fd1117ae39.256p.jpg,https://pcpartpicker.com/product/fmWzK8/team-t-force-cardea-z44l-500-gb-m2-2280-nvme-solid-state-drive-tm8fpl500g0c127,NVME,500
storage,Samsung 860 Evo 500 GB M.2-2280 SATA Solid State Drive (MZ-N6E500BW),https://cdna.pcpartpicker.com/static/forever/images/product/fd92d5fbb92efe452f2ff774d136c238.256p.jpg,https://pcpartpicker.com/product/M9rmP6/samsung-860-evo-500gb-m2-2280-solid-state-drive-mz-n6e500bw,NVME,500
storage,KIOXIA EXCERIA 500 GB M.2-2280 PCIe 3.0 X4 NVME Solid State Drive (LRC10Z500GG8),https://cdna.pcpartpicker.com/static/forever/images/product/3d7e87b3dee58a7896f02108d5be325e.256p.jpg,https://pcpartpicker.com/product/ZJrRsY/kioxia-exceria-500-gb-m2-2280-nvme-solid-state-drive-lrc10z500gg8,NVME,500
storage,Crucial P5 500 GB M.2-2280 PCIe 3.0 X4 NVME Solid State Drive (CT500P5SSD8),https://cdna.pcpartpicker.com/static/forever/images/product/0054b5551c98eef2dfe7776fbd3ea95a.256p.jpg,https://pcpartpicker.com/product/sCn8TW/crucial-p5-500-gb-m2-2280-nvme-solid-state-drive-ct500p5ssd8,NVME,500
storage,SK Hynix Platinum P41 500 GB M.2-2280 PCIe 4.0 X4 NVME Solid State Drive (SHPP41-500GM-2),https://m.media-amazon.com/images/I/31TAUSyRkcL.jpg,https://pcpartpicker.com/product/chcG3C/sk-hynix-platinum-p41-500-gb-m2-2280-nvme-solid-state-drive-shpp41-500gm-2,NVME,500
storage,MSI SPATIUM M390 500 GB M.2-2280 PCIe 3.0 X4 NVME Solid State Drive (SM390N500),https://cdna.pcpartpicker.com/static/forever/images/product/0b30f1e41d26628bd3d0232ba6a2b6ac.256p.jpg,https://pcpartpicker.com/product/gp6p99/msi-spatium-m390-500-gb-m2-2280-nvme-solid-state-drive-sm390n500,NVME,500
storage,Seagate FireCuda 520 500 GB M.2-2280 PCIe 4.0 X4 NVME Solid State Drive (ZP500GM3A002),https://cdna.pcpartpicker.com/static/forever/images/product/ae442220752f591d8094167483255ddb.256p.jpg,https://pcpartpicker.com/product/Mh9tt6/seagate-firecuda-520-500-gb-m2-2280-nvme-solid-state-drive-zp500gm3a002,NVME,500
storage,ADATA Swordfish 500 GB M.2-2280 PCIe 3.0 X4 NVME Solid State Drive (ASWORDFISH-500G-C),https://m.media-amazon.com/images/I/41IhbWsbCWL.jpg,https://pcpartpicker.com/product/sXqBD3/adata-swordfish-500-gb-m2-2280-nvme-solid-state-drive-aswordfish-500g-c,NVME,500
storage,Gigabyte AORUS Gen4 5000E 500 GB M.2-2280 PCIe 4.0 X4 NVME Solid State Drive (AG450E500G-G),https://cdna.pcpartpicker.com/static/forever/images/product/12e1b5cc99e503d5168d30f76dccb752.256p.jpg,https://pcpartpicker.com/product/PYJp99/gigabyte-aorus-gen4-5000e-500-gb-m2-2280-pcie-40-x4-nvme-solid-state-drive-ag450e500g-g,NVME,500
storage,Inland QN322 500 GB M.2-2280 PCIe 3.0 X4 NVME Solid State Drive (500GB QN322 NVM),https://m.media-amazon.com/images/I/41W+iCezQyL.jpg,https://pcpartpicker.com/product/Tpt9TW/inland-qn322-500-gb-m2-2280-pcie-30-x4-nvme-solid-state-drive-500gb-qn322-nvm,NVME,500
storage,Crucial MX500 500 GB M.2-2280 SATA Solid State Drive (CT500MX500SSD4),https://cdna.pcpartpicker.com/static/forever/images/product/027bd3972b94b8d2e395b16acf5fc27f.256p.jpg,https://pcpartpicker.com/product/fgZFf7/crucial-mx500-500gb-m2-2280-solid-state-drive-ct500mx500ssd4,NVME,500
storage,Seagate BarraCuda Q5 500 GB M.2-2280 PCIe 3.0 X4 NVME Solid State Drive (ZP500CV3A001),https://cdna.pcpartpicker.com/static/forever/images/product/d902dfde825cee3cafb379e96397582a.256p.jpg,https://pcpartpicker.com/product/7sJgXL/seagate-barracuda-q5-500-gb-m2-2280-nvme-solid-state-drive-zp500cv3a001,NVME,500
storage,PNY CS1031 500 GB M.2-2280 PCIe 3.0 X4 NVME Solid State Drive (M280CS1031-500-CL),https://m.media-amazon.com/images/I/31z8MzKBELL.jpg,https://pcpartpicker.com/product/TVYRsY/pny-cs1031-500-gb-m2-2280-pcie-30-x4-nvme-solid-state-drive-m280cs1031-500-cl,NVME,500
storage,Seagate FireCuda 530 w/Heatsink 500 GB M.2-2280 PCIe 4.0 X4 NVME Solid State Drive (ZP500GM3A023),https://cdna.pcpartpicker.com/static/forever/images/product/c4fb278d586a7cba42674087dd6496a4.256p.jpg,https://pcpartpicker.com/product/cvddnQ/seagate-firecuda-530-wheatsink-500-gb-m2-2280-pcie-40-x4-nvme-solid-state-drive-zp500gm3a023,NVME,500
storage,Western Digital Blue SN500 500 GB M.2-2280 PCIe 3.0 X2 NVME Solid State Drive (WDS500G1B0C),https://cdna.pcpartpicker.com/static/forever/images/product/8e77940edf3725a7c75d83efee929602.256p.jpg,https://pcpartpicker.com/product/2cJtt6/western-digital-blue-sn500-500-gb-m2-2280-solid-state-drive-wds500g1b0c,NVME,500
storage,Western Digital Black SN750 500 GB M.2-2280 PCIe 3.0 X4 NVME Solid State Drive (WDS500G3XHC),https://cdna.pcpartpicker.com/static/forever/images/product/1b8dfbf3066b1887a595ab45940a47d7.256p.jpg,https://pcpartpicker.com/product/3D97YJ/western-digital-wd_black-sn750-500-gb-m2-2280-nvme-solid-state-drive-wds500g3xhc,NVME,500
storage,Corsair MP600 500 GB M.2-2280 PCIe 4.0 X4 NVME Solid State Drive (CSSD-F500GBMP600R2),https://cdna.pcpartpicker.com/static/forever/images/product/d696dc53aebd7eb1f14f01dd7f89ecf2.256p.jpg,https://pcpartpicker.com/product/FvM48d/corsair-mp600-500-gb-m2-2280-nvme-solid-state-drive-cssd-f500gbmp600r2,NVME,500
storage,Silicon Power UD90 500 GB M.2-2280 PCIe 4.0 X4 NVME Solid State Drive (SP500GBP44UD9005),https://cdna.pcpartpicker.com/static/forever/images/product/2cfc0dd6eb47b5a49a2820fbdd9bab63.256p.jpg,https://pcpartpicker.com/product/YBkWGX/silicon-power-ud90-500-gb-m2-2280-nvme-solid-state-drive-sp500gbp44ud9005,NVME,500
storage,Western Digital Black SN850 500 GB M.2-2280 PCIe 4.0 X4 NVME Solid State Drive (WDS500G1XHE),https://cdna.pcpartpicker.com/static/forever/images/product/8b0002d736f917103383f74cec482714.256p.jpg,https://pcpartpicker.com/product/dyJmP6/western-digital-black-sn850-wheatsink-500-gb-m2-2280-nvme-solid-state-drive-wds500g1xhe,NVME,500
storage,Gigabyte AORUS 500 GB M.2-2280 PCIe 4.0 X4 NVME Solid State Drive (GP-ASM2NE6500GTTD),https://cdna.pcpartpicker.com/static/forever/images/product/05f92bfac89c39f6204a970fd3877587.256p.jpg,https://pcpartpicker.com/product/88YQzy/gigabyte-aorus-500-gb-m2-2280-nvme-solid-state-drive-gp-asm2ne6500gttd,NVME,500
storage,Lexar NM610 500 GB M.2-2280 PCIe 3.0 X4 NVME Solid State Drive (LNM610-500RBNA),https://cdna.pcpartpicker.com/static/forever/images/product/667ffd8d23dbb131c82dff3ca859ea97.256p.jpg,https://pcpartpicker.com/product/RYtKHx/lexar-nm610-500-gb-m2-2280-nvme-solid-state-drive-lnm610-500rbna,NVME,500
storage,Corsair MP600 PRO NH 500 GB M.2-2280 PCIe 4.0 X4 NVME Solid State Drive (CSSD-F0500GBMP600PNH),https://cdna.pcpartpicker.com/static/forever/images/product/b9354d5f408a8a8f84148d0dc78cf2e2.256p.jpg,https://pcpartpicker.com/product/6Y4Ycf/corsair-mp600-pro-nh-500-gb-m2-2280-pcie-40-x4-nvme-solid-state-drive-cssd-f0500gbmp600pnh,NVME,500
storage,Sabrent Rocket Q 500 GB M.2-2280 PCIe 3.0 X4 NVME Solid State Drive (SB-RKTQ-500),https://m.media-amazon.com/images/I/41608UPD6cL.jpg,https://pcpartpicker.com/product/tNwkcf/sabrent-rocket-q-500-gb-m2-2280-nvme-solid-state-drive-sb-rktq-500,NVME,500
storage,Samsung 850 Evo 500 GB M.2-2280 SATA Solid State Drive (MZ-N5E500BW),https://cdna.pcpartpicker.com/static/forever/images/product/93027397278ed75aef8d3c6b33435c16.256p.jpg,https://pcpartpicker.com/product/VrH48d/samsung-internal-hard-drive-mzn5e500bw,NVME,500
storage,Western Digital Red 500 GB M.2-2280 PCIe 3.0 X4 NVME Solid State Drive (WDS500G1R0C),https://cdna.pcpartpicker.com/static/forever/images/product/31f80e061466fc1877adcf162b5ddf98.256p.jpg,https://pcpartpicker.com/product/xhYmP6/western-digital-wd-red-sn700-500-gb-m2-2280-nvme-solid-state-drive-wds500g1r0c,NVME,500
storage,MSI SPATIUM M371 500 GB M.2-2280 PCIe 3.0 X4 NVME Solid State Drive (SPATIUM-M371-500GB),https://upload.wikimedia.org/wikipedia/commons/thumb/a/ac/No_image_available.svg/256px-No_image_available.jpg,https://pcpartpicker.com/product/PKJgXL/msi-spatium-m371-500-gb-m2-2280-pcie-30-x4-nvme-solid-state-drive-spatium-m371-500gb,NVME,500
storage,PNY CS2241 500 GB M.2-2280 PCIe 4.0 X4 NVME Solid State Drive (M280CS2241-500-CL),https://cdna.pcpartpicker.com/static/forever/images/product/3fc0cebea011952b5ccdfcf28c99b221.256p.jpg,https://pcpartpicker.com/product/WLkH99/pny-cs2241-500-gb-m2-2280-pcie-40-x4-nvme-solid-state-drive-m280cs2241-500-cl,NVME,500
storage,Corsair MP600 PRO LPX 500 GB M.2-2280 PCIe 4.0 X4 NVME Solid State Drive (CSSD-F0500GBMP600PLP),https://cdna.pcpartpicker.com/static/forever/images/product/ef068b02619c4350195aec43edde2c52.256p.jpg,https://pcpartpicker.com/product/pjC48d/corsair-mp600-pro-lpx-500-gb-m2-2280-nvme-solid-state-drive-cssd-f0500gbmp600plp,NVME,500
storage,Western Digital Blue SA510 500 GB M.2-2280 SATA Solid State Drive (WDS500G3B0B),https://cdna.pcpartpicker.com/static/forever/images/product/0ece8377997e7b9e027fa10bdcca3d18.256p.jpg,https://pcpartpicker.com/product/x8cG3C/western-digital-blue-sa510-500-gb-m2-2280-solid-state-drive-wds500g3b0b,NVME,500
storage,Seagate FireCuda 510 500 GB M.2-2280 PCIe 3.0 X4 NVME Solid State Drive (ZP500GM3A001),https://cdna.pcpartpicker.com/static/forever/images/product/7fbe1751561aa9ad4a829b409a664d68.256p.jpg,https://pcpartpicker.com/product/G8ZzK8/seagate-firecuda-510-500-gb-m2-2280-nvme-solid-state-drive-zp500gm3a001,NVME,500
storage,TEAMGROUP MP44L 500 GB M.2-2280 PCIe 4.0 X4 NVME Solid State Drive (TM8FPK500G0C101),https://cdna.pcpartpicker.com/static/forever/images/product/7a3770facbc2a9f55e54be00b9f3df90.256p.jpg,https://pcpartpicker.com/product/WcJgXL/teamgroup-mp44l-500-gb-m2-2280-pcie-40-x4-nvme-solid-state-drive-tm8fpk500g0c101,NVME,500
storage,Corsair MP600 Force Series Gen4 500 GB M.2-2280 PCIe 4.0 X4 NVME Solid State Drive (CSSD-F500GBMP600),https://images-eu.ssl-images-amazon.com/images/I/41nhEz%2BUa%2BL.jpg,https://pcpartpicker.com/product/nLPgXL/corsair-mp600-force-series-gen4-500-gb-m2-2280-nvme-solid-state-drive-cssd-f500gbmp600,NVME,500
storage,ADATA XPG SPECTRIX S20G 500 GB M.2-2280 PCIe 3.0 X4 NVME Solid State Drive (ASPECTRIXS20G-500G-C),https://cdna.pcpartpicker.com/static/forever/images/product/72b819ee11d2566cc8e1c02cda33fa10.256p.jpg,https://pcpartpicker.com/product/prKKHx/adata-xpg-spectrix-s20g-500-gb-m2-2280-nvme-solid-state-drive-aspectrixs20g-500g-c,NVME,500
storage,PNY XLR8 CS3030 500 GB M.2-2280 PCIe 3.0 X4 NVME Solid State Drive (M280CS3030-500-RB),https://cdna.pcpartpicker.com/static/forever/images/product/a8a23703b2021a75e31ca15ce00b9102.256p.jpg,https://pcpartpicker.com/product/YKZzK8/pny-xlr8-cs3030-500-gb-m2-2280-nvme-solid-state-drive-m280cs3030-500-rb,NVME,500
storage,ADATA Legend 800 500 GB M.2-2280 PCIe 4.0 X4 NVME Solid State Drive (ALEG-800-500GCS),https://cdna.pcpartpicker.com/static/forever/images/product/9e7a250a3aa568063b40f67f2aeecf9f.256p.jpg,https://pcpartpicker.com/product/rsYRsY/adata-legend-800-500-gb-m2-2280-pcie-40-x4-nvme-solid-state-drive-aleg-800-500gcs,NVME,500
storage,PNY CS2230 500 GB M.2-2280 PCIe 3.0 X4 NVME Solid State Drive (M280CS2230-500-RB),https://m.media-amazon.com/images/I/41Fcf5hPCHL.jpg,https://pcpartpicker.com/product/6K88TW/pny-cs2230-500-gb-m2-2280-pcie-30-x4-nvme-solid-state-drive-m280cs2230-500-rb,NVME,500
storage,Western Digital Blue SN550 500 GB M.2-2280 PCIe 3.0 X4 NVME Solid State Drive (WDBA3V5000ANC-WRSN),https://cdna.pcpartpicker.com/static/forever/images/product/8b74a4c961b41536ecb508cf50672c68.256p.jpg,https://pcpartpicker.com/product/zXrRsY/western-digital-blue-sn550-500-gb-m2-2280-nvme-solid-state-drive-wdba3v5000anc-wrsn,NVME,500
storage,Seagate BarraCuda 510 500 GB M.2-2280 PCIe 3.0 X4 NVME Solid State Drive (ZP500CM3A001),https://cdna.pcpartpicker.com/static/forever/images/product/d876cbc2949788d13b735c8c85429d10.256p.jpg,https://pcpartpicker.com/product/LZQfrH/seagate-barracuda-510-500-gb-m2-2280-nvme-solid-state-drive-zp500cm3a001,NVME,500
storage,ADATA Legend 750 500 GB M.2-2280 PCIe 3.0 X4 NVME Solid State Drive (ALEG-750-500GCS),https://cdna.pcpartpicker.com/static/forever/images/product/c3c5e740dd8cd9d18086a27cc6225335.256p.jpg,https://pcpartpicker.com/product/jWkWGX/adata-legend-750-500-gb-m2-2280-nvme-solid-state-drive-aleg-750-500gcs,NVME,500
storage,Western Digital Black SN750 Rev2 500 GB M.2-2280 PCIe 3.0 X4 NVME Solid State Drive (WDBRPG5000ANC-WRSN),https://cdna.pcpartpicker.com/static/forever/images/product/89377b442a0f867919ef7ce3a1e59cf5.256p.jpg,https://pcpartpicker.com/product/vfC48d/western-digital-wd_black-sn750-rev2-500-gb-m2-2280-nvme-solid-state-drive-wdbrpg5000anc-wrsn,NVME,500
storage,PNY CS2140 500 GB M.2-2280 PCIe 4.0 X4 NVME Solid State Drive (M280CS2140-500-RB),https://cdna.pcpartpicker.com/static/forever/images/product/d46e6931e1bc0a97166ac4efa9eb0f94.256p.jpg,https://pcpartpicker.com/product/k2ddnQ/pny-cs2140-500-gb-m2-2280-nvme-solid-state-drive-m280cs2140-500-rb,NVME,500
storage,Lexar NM710 500 GB M.2-2280 PCIe 4.0 X4 NVME Solid State Drive (LNM710X500G-RNNNG),https://m.media-amazon.com/images/I/41Sre26GwBL.jpg,https://pcpartpicker.com/product/7Y9wrH/lexar-nm710-500-gb-m2-2280-pcie-40-x4-nvme-solid-state-drive-lnm710x500g-rnnng,NVME,500
storage,Seagate IronWolf 525 500 GB M.2-2280 PCIe 4.0 X4 NVME Solid State Drive (ZP500NM3A002),https://m.media-amazon.com/images/I/41amfhNzBfL.jpg,https://pcpartpicker.com/product/FqXJ7P/seagate-ironwolf-525-500-gb-m2-2280-nvme-solid-state-drive-zp500nm3a002,NVME,500
storage,Kingston Fury Renegade with Heat Sink 500 GB M.2-2280 PCIe 4.0 X4 NVME Solid State Drive (SFYRSK/500G),https://cdna.pcpartpicker.com/static/forever/images/product/f7b572e6adb213ff5786347eec2f5899.256p.jpg,https://pcpartpicker.com/product/ysytt6/kingston-fury-renegade-with-heat-sink-500-gb-m2-2280-pcie-40-x4-nvme-solid-state-drive-sfyrsk500g,NVME,500
storage,Kingston KC2500 500 GB M.2-2280 PCIe 3.0 X4 NVME Solid State Drive (SKC2500M8/500G),https://cdna.pcpartpicker.com/static/forever/images/product/24800867793af89a94e2ab46046f0394.256p.jpg,https://pcpartpicker.com/product/wPqBD3/kingston-kc2500-500-gb-m2-2280-nvme-solid-state-drive-skc2500m8500g,NVME,500
storage,Western Digital Blue 500 GB M.2-2280 SATA Solid State Drive (WDS500G1B0B),https://cdna.pcpartpicker.com/static/forever/images/product/47b10566add335af40fb226dbb716d1f.256p.jpg,https://pcpartpicker.com/product/c4jWGX/western-digital-blue-500gb-m2-2280-solid-state-drive-wds500g1b0b,NVME,500
storage,Western Digital Black NVMe 500 GB M.2-2280 PCIe 3.0 X4 NVME Solid State Drive (WDS500G2X0C),https://cdna.pcpartpicker.com/static/forever/images/product/740c07a155a2236315c88f657081fb26.256p.jpg,https://pcpartpicker.com/product/rJm323/western-digital-black-nvme-500gb-m2-2280-solid-state-drive-wds500g2x0c,NVME,500
storage,MSI SPATIUM M461 500 GB M.2-2280 PCIe 4.0 X4 NVME Solid State Drive (SPATIUM M461 500GB),https://upload.wikimedia.org/wikipedia/commons/thumb/a/ac/No_image_available.svg/256px-No_image_available.jpg,https://pcpartpicker.com/product/3vfxFT/msi-spatium-m461-500-gb-m2-2280-pcie-40-x4-nvme-solid-state-drive-spatium-m461-500gb,NVME,500
storage,PNY CS2130 500 GB M.2-2280 PCIe 3.0 X4 NVME Solid State Drive (M280CS2130-500-RB),https://cdna.pcpartpicker.com/static/forever/images/product/90346f63f185db867fe9f5a2ed9433d9.256p.jpg,https://pcpartpicker.com/product/qmcRsY/pny-cs2130-500-gb-m2-2280-nvme-solid-state-drive-m280cs2130-500-rb,NVME,500
storage,Netac NV3000 500 GB M.2-2280 PCIe 3.0 X4 NVME Solid State Drive (NT01NV3000-500-E4X),https://m.media-amazon.com/images/I/411UHj3w9gL.jpg,https://pcpartpicker.com/product/sPn9TW/netac-nv3000-500-gb-m2-2280-pcie-30-x4-nvme-solid-state-drive-nt01nv3000-500-e4x,NVME,500
storage,Inland Prime 500 GB M.2-2280 PCIe 3.0 X4 NVME Solid State Drive (618996741946),https://m.media-amazon.com/images/I/41Ez4G7SMfL.jpg,https://pcpartpicker.com/product/XwWzK8/inland-prime-500-gb-m2-2280-nvme-solid-state-drive-618996741946,NVME,500
storage,Silicon Power UD80 500 GB M.2-2280 PCIe 3.0 X4 NVME Solid State Drive (SP500GBP34UD8005),https://cdna.pcpartpicker.com/static/forever/images/product/cc8c19be9ecb51ddc3e7a656873a5dc5.256p.jpg,https://pcpartpicker.com/product/N7QcCJ/silicon-power-ud80-500-gb-m2-2280-nvme-solid-state-drive-sp500gbp34ud8005,NVME,500
storage,Western Digital Blue SN580 500 GB M.2-2280 PCIe 4.0 X4 NVME Solid State Drive (WDS500G3B0E),https://cdna.pcpartpicker.com/static/forever/images/product/845ed2aeb812466586e77eea412a83b0.256p.jpg,https://pcpartpicker.com/product/kHRwrH/western-digital-blue-sn580-500-gb-m2-2280-pcie-40-x4-nvme-solid-state-drive-wds500g3b0e,NVME,500
storage,Crucial MX200 500 GB M.2-2260 SATA Solid State Drive (CT500MX200SSD6),https://cdna.pcpartpicker.com/static/forever/images/product/44d696ac412566154328aa5c4fcfd6b0.256p.jpg,https://pcpartpicker.com/product/KWZ2FT/crucial-internal-hard-drive-ct500mx200ssd6,NVME,500
storage,SanDisk EXTREME PRO 500 GB M.2-2280 PCIe 3.0 X4 NVME Solid State Drive (SDSSDXPM2-500G-G25),https://cdna.pcpartpicker.com/static/forever/images/product/988779fa6cdd5804075c92c926d0081b.256p.jpg,https://pcpartpicker.com/product/fn97YJ/sandisk-extreme-pro-500gb-m2-2280-solid-state-drive-sdssdxpm2-500g-g25,NVME,500
storage,ADATA LEGEND 850 LITE 500 GB M.2-2280 PCIe 4.0 X4 NVME Solid State Drive (ALEG-850L-500GCS),https://m.media-amazon.com/images/I/31-mmDK5YJL.jpg,https://pcpartpicker.com/product/LLkH99/adata-legend-850-lite-500-gb-m2-2280-pcie-40-x4-nvme-solid-state-drive-aleg-850l-500gcs,NVME,500
storage,Lexar NM610PRO 500 GB M.2-2280 PCIe 3.0 X4 NVME Solid State Drive (LNM610P500G-RNNNG),https://cdna.pcpartpicker.com/static/forever/images/product/4882d36c303799525f14bd2b62efc068.256p.jpg,https://pcpartpicker.com/product/TTMMnQ/lexar-nm610pro-500-gb-m2-2280-pcie-30-x4-nvme-solid-state-drive-lnm610p500g-rnnng,NVME,500
storage,Western Digital SanDisk Extreme PRO 500 GB M.2-2280 PCIe 4.0 X4 NVME Solid State Drive (SDSSDXPM2-500G-G25),https://m.media-amazon.com/images/I/312FqFwwjmL.jpg,https://pcpartpicker.com/product/prqPxr/western-digital-extreme-pro-500-gb-m2-2280-nvme-solid-state-drive-sdssdxpm2-500g-g25,NVME,500
storage,KIOXIA EXCERIA PLUS G2 500 GB M.2-2280 PCIe 3.0 X4 NVME Solid State Drive (LRD20Z500GG8),https://cdna.pcpartpicker.com/static/forever/images/product/3f1519ba1df50f415e0e41dd05fac55d.256p.jpg,https://pcpartpicker.com/product/QfbTwP/kioxia-exceria-plus-g2-500-gb-m2-2280-nvme-solid-state-drive-lrd20z500gg8,NVME,500
storage,Mushkin Helix-L 500 GB M.2-2280 PCIe 3.0 X4 NVME Solid State Drive (MKNSSDHL500GB-D8),https://cdna.pcpartpicker.com/static/forever/images/product/7c635be31b666b7dbc9d858847444c16.256p.jpg,https://pcpartpicker.com/product/ZDrmP6/mushkin-enhanced-helix-l-500-gb-m2-2280-solid-state-drive-mknssdhl500gb-d8,NVME,500
storage,Kingston KC2000 500 GB M.2-2280 PCIe 3.0 X4 NVME Solid State Drive (SKC2000M8/500G),https://cdna.pcpartpicker.com/static/forever/images/product/820a5fc34269d4a88c72b95251b60308.256p.jpg,https://pcpartpicker.com/product/VgJmP6/kingston-kc2000-500-gb-m2-2280-nvme-solid-state-drive-skc2000m8500g,NVME,500
storage,Integral M2 500 GB M.2-2280 PCIe 3.0 X4 NVME Solid State Drive (INSSD500GM280NM2),https://cdna.pcpartpicker.com/static/forever/images/product/fcca9ee8201c61dce668024606f7234a.256p.jpg,https://pcpartpicker.com/product/bvWJ7P/integral-m2-500-gb-m2-2280-pcie-30-x4-nvme-solid-state-drive-inssd500gm280nm2,NVME,500
storage,Sabrent Rocket 4.0 500 GB M.2-2280 PCIe 4.0 X4 NVME Solid State Drive (SB-NVMe4-HTSK-500),https://cdna.pcpartpicker.com/static/forever/images/product/57ebe4291ed2f1eaf1e7f61a5462422b.256p.jpg,https://pcpartpicker.com/product/nbKKHx/sabrent-rocket-40-500-gb-m2-2280-pcie-40-x4-nvme-solid-state-drive-sb-nvme4-htsk-500,NVME,500
storage,Seagate FireCuda 510 500 GB M.2-2280 PCIe 3.0 X4 NVME Solid State Drive (ZP500GM3A021),https://m.media-amazon.com/images/I/41aJLyfNheL.jpg,https://pcpartpicker.com/product/gzhFf7/seagate-firecuda-510-500-gb-m2-2280-nvme-solid-state-drive-zp500gm3a021,NVME,500
storage,PNY XLR8 CS3040 500 GB M.2-2280 PCIe 4.0 X4 NVME Solid State Drive (M280CS3040-500-RB),https://cdna.pcpartpicker.com/static/forever/images/product/4e919ac1c412f826794fd38f9c704e68.256p.jpg,https://pcpartpicker.com/product/Y4pzK8/pny-xlr8-cs03040-500-gb-m2-2280-nvme-solid-state-drive-m280cs3040-500-rb,NVME,500
storage,PNY CS900 500 GB M.2-2280 SATA Solid State Drive (M280CS900-500-RB),https://cdna.pcpartpicker.com/static/forever/images/product/85b08ac704742d9f1a680568b7c66230.256p.jpg,https://pcpartpicker.com/product/q392FT/pny-cs900-500-gb-m2-2280-solid-state-drive-m280cs900-500-rb,NVME,500
storage,Mushkin Pilot-E 500 GB M.2-2280 PCIe 3.0 X4 NVME Solid State Drive (MKNSSDPE500GB-D8),https://cdna.pcpartpicker.com/static/forever/images/product/3b9e8dd0dee60db9fe7a43f677b1ce69.256p.jpg,https://pcpartpicker.com/product/fRBhP6/mushkin-enhanced-pilot-e-500-gb-m2-2280-nvme-solid-state-drive-mknssdpe500gb-d8,NVME,500
storage,Western Digital Red SA500 500 GB M.2-2280 SATA Solid State Drive (WDS500G1R0B),https://m.media-amazon.com/images/I/31SnLDIjRQL.jpg,https://pcpartpicker.com/product/gmCFf7/western-digital-red-sa500-500-gb-m2-2280-solid-state-drive-wds500g1r0b,NVME,500
storage,Mushkin PILOT 500 GB M.2-2280 PCIe 3.0 X4 NVME Solid State Drive (MKNSSDPL500GB-D8),https://cdna.pcpartpicker.com/static/forever/images/product/ba54117c7e2fbba1798bbda83aee616a.256p.jpg,https://pcpartpicker.com/product/z4jJ7P/mushkin-pilot-500gb-m2-2280-solid-state-drive-mknssdpl500gb-d8,NVME,500
storage,Seagate Beskar Ingot Drive Special Edition FireCuda 500 GB M.2-2280 PCIe 4.0 X4 NVME Solid State Drive (ZP500GM30033),https://upload.wikimedia.org/wikipedia/commons/thumb/a/ac/No_image_available.svg/256px-No_image_available.jpg,https://pcpartpicker.com/product/BK6p99/seagate-beskar-ingot-drive-special-edition-firecuda-500-gb-m2-2280-pcie-40-x4-nvme-solid-state-drive-zp500gm30033,NVME,500
storage,Netac NV5000 500 GB M.2-2280 PCIe 4.0 X4 NVME Solid State Drive (NT01NV5000-500-E4X),https://m.media-amazon.com/images/I/31w6Ne73T5L.jpg,https://pcpartpicker.com/product/pWbRsY/netac-nv5000-500-gb-m2-2280-pcie-40-x4-nvme-solid-state-drive-nt01nv5000-500-e4x,NVME,500
storage,KIOXIA EXCERIA PLUS 500 GB M.2-2280 PCIe 3.0 X4 NVME Solid State Drive (LRD10Z500GG8),https://cdna.pcpartpicker.com/static/forever/images/product/c6f2e9c663e03bedf02fa1fec3b2400d.256p.jpg,https://pcpartpicker.com/product/pmstt6/kioxia-exceria-plus-500-gb-m2-2280-nvme-solid-state-drive-lrd10z500gg8,NVME,500
storage,ADATA Legend 740 500 GB M.2-2280 PCIe 3.0 X4 NVME Solid State Drive (ALEG-740-500GCS),https://m.media-amazon.com/images/I/3188xtpE7AL.jpg,https://pcpartpicker.com/product/TrKKHx/adata-legend-740-500-gb-m2-2280-nvme-solid-state-drive-aleg-740-500gcs,NVME,500
storage,HP S700 500 GB M.2-2280 SATA Solid State Drive (2LU80AA#ABC),https://cdna.pcpartpicker.com/static/forever/images/product/323c5be2d714e9343914f54bf333a2be.256p.jpg,https://pcpartpicker.com/product/CfsmP6/hp-s700-500-gb-m2-2280-solid-state-drive-2lu80aaabc,NVME,500
storage,PNY CS2240 500 GB M.2-2280 PCIe 4.0 X4 NVME Solid State Drive (M280CS2240-500-RB),https://m.media-amazon.com/images/I/415H3Zl2fTL.jpg,https://pcpartpicker.com/product/TjXV3C/pny-cs2240-500-gb-m2-2280-pcie-40-x4-nvme-solid-state-drive-m280cs2240-500-rb,NVME,500
storage,Crucial MX200 500 GB M.2-2280 SATA Solid State Drive (CT500MX200SSD4),https://cdna.pcpartpicker.com/static/forever/images/product/277bcc1ed883fd53e0792d8064c3e970.256p.jpg,https://pcpartpicker.com/product/4rH48d/crucial-internal-hard-drive-ct500mx200ssd4,NVME,500
storage,Inland Performance 500 GB M.2-2280 PCIe 4.0 X4 NVME Solid State Drive (500GB NVME PERF),https://m.media-amazon.com/images/I/31ETeQC40JL.jpg,https://pcpartpicker.com/product/TXfFf7/inland-performance-500-gb-m2-2280-nvme-solid-state-drive-500gb-nvme-perf,NVME,500
storage,ADATA ATOM 30 500 GB M.2-2280 PCIe 3.0 X4 NVME Solid State Drive (AATO-30-500GCI),https://m.media-amazon.com/images/I/31PXN8l-AdL.jpg,https://pcpartpicker.com/product/rw4Ycf/adata-atom-30-500-gb-m2-2280-nvme-solid-state-drive-aato-30-500gci,NVME,500
storage,VisionTek PRO 500 GB M.2-2280 SATA Solid State Drive (901186),https://cdna.pcpartpicker.com/static/forever/images/product/5791f00c86393f9f9e304b191c84df3e.256p.jpg,https://pcpartpicker.com/product/dVfhP6/visiontek-pro-500gb-m2-2280-solid-state-drive-901186,NVME,500
storage,Netac NV5000-t 500 GB M.2-2280 PCIe 4.0 X4 NVME Solid State Drive (NT01NV5000t-500-E4X),https://upload.wikimedia.org/wikipedia/commons/thumb/a/ac/No_image_available.svg/256px-No_image_available.jpg,https://pcpartpicker.com/product/Jq3NnQ/netac-nv5000-t-500-gb-m2-2280-pcie-40-x4-nvme-solid-state-drive-nt01nv5000t-500-e4x,NVME,500
storage,Netac NV5000-N 500 GB M.2-2280 PCIe 4.0 X4 NVME Solid State Drive (NT01NV5000N-500-E4X),https://cdna.pcpartpicker.com/static/forever/images/product/26513456fd90ee4efb8957c6316766c1.256p.jpg,https://pcpartpicker.com/product/qV7scf/netac-nv5000-n-500-gb-m2-2280-pcie-40-x4-nvme-solid-state-drive-nt01nv5000n-500-e4x,NVME,500
storage,Apacer AS2280Q4 500 GB M.2-2280 PCIe 4.0 X4 NVME Solid State Drive (AP500GAS2280Q4-1),https://m.media-amazon.com/images/I/31dBZadqMTS.jpg,https://pcpartpicker.com/product/7ZRYcf/apacer-as2280q4-500-gb-m2-2280-nvme-solid-state-drive-ap500gas2280q4-1,NVME,500
storage,ADATA LEGEND 700 500 GB M.2-2280 PCIe 3.0 X4 NVME Solid State Drive (ALEG-700-500GCS),https://upload.wikimedia.org/wikipedia/commons/thumb/a/ac/No_image_available.svg/256px-No_image_available.jpg,https://pcpartpicker.com/product/PRQcCJ/adata-legend-700-500-gb-m2-2280-pcie-30-x4-nvme-solid-state-drive-aleg-700-500gcs,NVME,500
storage,Silicon Power UD70 500 GB M.2-2280 PCIe 3.0 X4 NVME Solid State Drive (SP500GBP34UD7005),https://cdna.pcpartpicker.com/static/forever/images/product/9b0b5e5004f2d5d0bd1bac34083a1076.256p.jpg,https://pcpartpicker.com/product/sq6qqs/silicon-power-ud70-500-gb-m2-2280-nvme-solid-state-drive-sp500gbp34ud7005,NVME,500
storage,Mushkin Helix-LT 500 GB M.2-2280 PCIe 3.0 X4 NVME Solid State Drive (MKNSSDHT500GB-D8),https://cdna.pcpartpicker.com/static/forever/images/product/8c0db751ce971c44f6f8841f3967873b.256p.jpg,https://pcpartpicker.com/product/cPfnTW/mushkin-enhanced-helix-lt-500-gb-m2-2280-nvme-solid-state-drive-mknssdht500gb-d8,NVME,500
storage,TEAMGROUP T-Force Cardea II TUF Gaming Alliance 500 GB M.2-2280 PCIe 3.0 X4 NVME Solid State Drive (TM8FPB512G0C310),https://cdna.pcpartpicker.com/static/forever/images/product/fb0b19a5d8d0c717a6f43db90d0437f9.256p.jpg,https://pcpartpicker.com/product/NnvdnQ/team-t-force-cardea-ii-tuf-gaming-alliance-500-gb-m2-2280-nvme-solid-state-drive-tm8fpb512g0c310,NVME,500
storage,PNY XLR8 CS3040 w/Heatsink 500 GB M.2-2280 PCIe 4.0 X4 NVME Solid State Drive (M280CS3040HS-500-RB),https://cdna.pcpartpicker.com/static/forever/images/product/c1589d083099655900235194a43c678c.256p.jpg,https://pcpartpicker.com/product/p9Fbt6/pny-xlr8-cs3040-heatsink-500-gb-m2-2280-nvme-solid-state-drive-m280cs3040hs-500-rb,NVME,500
storage,Patriot Viper Gaming VP4100 500 GB M.2-2280 PCIe 3.0 X4 NVME Solid State Drive (VP4100-500GM28H),https://upload.wikimedia.org/wikipedia/commons/thumb/a/ac/No_image_available.svg/256px-No_image_available.jpg,https://pcpartpicker.com/product/3nxRsY/patriot-viper-gaming-vp4100-500-gb-m2-2280-nvme-solid-state-drive-vp4100-500gm28h,NVME,500
storage,V7 S6000 500 GB M.2-2280 SATA Solid State Drive (V7S6000M2-500),https://cdna.pcpartpicker.com/static/forever/images/product/77c1c415a1d8dcca68a507338e29e348.256p.jpg,https://pcpartpicker.com/product/G3848d/v7-s6000-500-gb-m2-2280-sata-solid-state-drive-v7s6000m2-500,NVME,500
storage,VisionTek PRO XMN 500 GB M.2-2280 PCIe 3.0 X4 NVME Solid State Drive (901303),https://cdna.pcpartpicker.com/static/forever/images/product/16c7a23e569ebe4713f9e420472fd829.256p.jpg,https://pcpartpicker.com/product/f3gQzy/visiontek-pro-xmn-500-gb-m2-2280-nvme-solid-state-drive-901303,NVME,500
storage,VisionTek PRO2 500 GB M.2-2280 PCIe 3.0 X4 NVME Solid State Drive (901173),https://cdna.pcpartpicker.com/static/forever/images/product/0e8e13f090e373fb3ff15ce73bb4a93f.256p.jpg,https://pcpartpicker.com/product/4TKcCJ/visiontek-pro2-500-gb-m2-2280-nvme-solid-state-drive-901173,NVME,500
storage,VisionTek 900831 500 GB M.2-2280 SATA Solid State Drive (900831),https://cdna.pcpartpicker.com/static/forever/images/product/009707576cdc88c9c81174f96af7d771.256p.jpg,https://pcpartpicker.com/product/C37v6h/visiontek-500-gb-m2-2280-solid-state-drive-900831,NVME,500
storage,MSI SPATIUM M460 500 GB M.2-2280 PCIe 4.0 X4 NVME Solid State Drive (SPATIUM-M460-500GB),https://upload.wikimedia.org/wikipedia/commons/thumb/a/ac/No_image_available.svg/256px-No_image_available.jpg,https://pcpartpicker.com/product/DJzhP6/msi-spatium-m460-500-gb-m2-2280-pcie-40-x4-nvme-solid-state-drive-spatium-m460-500gb,NVME,500
storage,MSI SPATIUM M460 HS 500 GB M.2-2280 PCIe 4.0 X4 NVME Solid State Drive (SPATIUM-M460-HS-500GB),https://upload.wikimedia.org/wikipedia/commons/thumb/a/ac/No_image_available.svg/256px-No_image_available.jpg,https://pcpartpicker.com/product/CDC48d/msi-spatium-m460-hs-500-gb-m2-2280-pcie-40-x4-nvme-solid-state-drive-spatium-m460-hs-500gb,NVME,500
storage,ADATA LEGEND 800 GOLD 500 GB M.2-2280 PCIe 4.0 X4 NVME Solid State Drive (SLEG-800G-500GCS-S38),https://upload.wikimedia.org/wikipedia/commons/thumb/a/ac/No_image_available.svg/256px-No_image_available.jpg,https://pcpartpicker.com/product/wdCZxr/adata-legend-800-gold-500-gb-m2-2280-pcie-40-x4-nvme-solid-state-drive-sleg-800g-500gcs-s38,NVME,500
storage,Netac NV3000 RGB 500 GB M.2-2280 PCIe 3.0 X4 NVME Solid State Drive (NT01NV3000RGB-500-E4X),https://upload.wikimedia.org/wikipedia/commons/thumb/a/ac/No_image_available.svg/256px-No_image_available.jpg,https://pcpartpicker.com/product/QMcgXL/netac-nv3000-rgb-500-gb-m2-2280-pcie-30-x4-nvme-solid-state-drive-nt01nv3000rgb-500-e4x,NVME,500
storage,Eluktronics TRO-500GB-PRO-X 500 GB M.2-2280 PCIe 3.0 X4 NVME Solid State Drive (TRO-500GB-PRO-X),https://upload.wikimedia.org/wikipedia/commons/thumb/a/ac/No_image_available.svg/256px-No_image_available.jpg,https://pcpartpicker.com/product/P7dxFT/eluktronics-500gb-m2-2280-solid-state-drive-tro-500gb-pro-x,NVME,500
storage,Mushkin Atlas Vital 500 GB M.2-2280 SATA Solid State Drive (MKNSSDAV500GB-D8),https://images-na.ssl-images-amazon.com/images/I/41RxQBgq2FL.jpg,https://pcpartpicker.com/product/PGcMnQ/mushkin-internal-hard-drive-mknssdav500gbd8,NVME,500
storage,Seagate Nytro 5000 400 GB M.2-22110 PCIe 3.0 X4 NVME Solid State Drive (XP400HE30002),https://m.media-amazon.com/images/I/415Bp8tHWWL.jpg,https://pcpartpicker.com/product/Vxprxr/seagate-nytro-5000-400-gb-m2-22110-nvme-solid-state-drive-xp400he30002,NVME,500
storage,Integral M 1 TB M.2-2280 PCIe 3.0 X4 NVME Solid State Drive (INSSD1TM280NM1),https://cdna.pcpartpicker.com/static/forever/images/product/41baa825c6e70109cc98f086ad4ed741.256p.jpg,https://pcpartpicker.com/product/L4gFf7/integral-m-series-1-tb-m2-2280-nvme-solid-state-drive-inssd1tm280nm1,NVME,1000
storage,Samsung 970 Evo Plus 1 TB M.2-2280 PCIe 3.0 X4 NVME Solid State Drive (MZ-V7S1T0B/AM),https://cdna.pcpartpicker.com/static/forever/images/product/326881d073c1b667bd348893696c690e.256p.jpg,https://pcpartpicker.com/product/Zxw7YJ/samsung-970-evo-plus-1-tb-m2-2280-nvme-solid-state-drive-mz-v7s1t0bam,NVME,1000
storage,Samsung 980 Pro 1 TB M.2-2280 PCIe 4.0 X4 NVME Solid State Drive (MZ-V8P1T0B/AM),https://cdna.pcpartpicker.com/static/forever/images/product/4e02c24a00f7b79a56489db2acbe3a9b.256p.jpg,https://pcpartpicker.com/product/DDWBD3/samsung-980-pro-1-tb-m2-2280-nvme-solid-state-drive-mz-v8p1t0bam,NVME,1000
storage,Kingston NV2 1 TB M.2-2280 PCIe 4.0 X4 NVME Solid State Drive (SNV2S/1000G),https://cdna.pcpartpicker.com/static/forever/images/product/7aa3028d0fc04e0ee3323f474bd349bd.256p.jpg,https://pcpartpicker.com/product/FnYmP6/kingston-nv2-1-tb-m2-2280-pcie-40-x4-nvme-solid-state-drive-snv2s1000g,NVME,1000
storage,Crucial P3 1 TB M.2-2280 PCIe 3.0 X4 NVME Solid State Drive (CT1000P3SSD8),https://cdna.pcpartpicker.com/static/forever/images/product/8c5042086b6c6ab10aca89e29fa85f08.256p.jpg,https://pcpartpicker.com/product/sw4Ycf/crucial-p3-1-tb-m2-2280-nvme-solid-state-drive-ct1000p3ssd8,NVME,1000
storage,Western Digital Black SN770 1 TB M.2-2280 PCIe 4.0 X4 NVME Solid State Drive (WDS100T3X0E),https://cdna.pcpartpicker.com/static/forever/images/product/8fcb88c883df1ee3563538df639a08c8.256p.jpg,https://pcpartpicker.com/product/YVytt6/western-digital-1-tb-m2-2280-nvme-solid-state-drive-wds100t3x0e,NVME,1000
storage,Western Digital Blue SN570 1 TB M.2-2280 PCIe 3.0 X4 NVME Solid State Drive (WDS100T3B0C),https://cdna.pcpartpicker.com/static/forever/images/product/da6c2cb6e4d17032dbb3da790499b57f.256p.jpg,https://pcpartpicker.com/product/3dvdnQ/western-digital-blue-sn570-1-tb-m2-2280-nvme-solid-state-drive-wds100t3b0c,NVME,1000
storage,Crucial P3 Plus 1 TB M.2-2280 PCIe 4.0 X4 NVME Solid State Drive (CT1000P3PSSD8),https://cdna.pcpartpicker.com/static/forever/images/product/2830bf3ba317c794ccde742efe4304be.256p.jpg,https://pcpartpicker.com/product/chzhP6/crucial-p3-plus-1-tb-m2-2280-nvme-solid-state-drive-ct1000p3pssd8,NVME,1000
storage,Silicon Power A60 1 TB M.2-2280 PCIe 3.0 X4 NVME Solid State Drive (SP001TBP34A60M28),https://cdna.pcpartpicker.com/static/forever/images/product/229130faab065e7908c58fd694f78e1a.256p.jpg,https://pcpartpicker.com/product/7tCFf7/silicon-power-a60-1-tb-m2-2280-nvme-solid-state-drive-sp001tbp34a60m28,NVME,1000
storage,Samsung 990 Pro 1 TB M.2-2280 PCIe 4.0 X4 NVME Solid State Drive (MZ-V9P1T0BW),https://m.media-amazon.com/images/I/31DAs+3PWbL.jpg,https://pcpartpicker.com/product/FsqPxr/samsung-990-pro-1-tb-m2-2280-pcie-40-x4-nvme-solid-state-drive-mz-v9p1t0bw,NVME,1000
storage,Western Digital Black SN850X 1 TB M.2-2280 PCIe 4.0 X4 NVME Solid State Drive (WDS100T2X0E),https://cdna.pcpartpicker.com/static/forever/images/product/8e6dbae8a0f3c6572216c8758ce5a0b5.256p.jpg,https://pcpartpicker.com/product/DyhFf7/western-digital-black-sn850x-1-tb-m2-2280-pcie-40-x4-nvme-solid-state-drive-wds100t2x0e,NVME,1000
storage,Samsung 980 1 TB M.2-2280 PCIe 3.0 X4 NVME Solid State Drive (MZ-V8V1T0B/AM),https://cdna.pcpartpicker.com/static/forever/images/product/2aff821ed66963cb32fb0c71b093eccc.256p.jpg,https://pcpartpicker.com/product/mKBG3C/samsung-980-1-tb-m2-2280-nvme-solid-state-drive-mz-v8v1t0bam,NVME,1000
storage,Crucial P5 Plus 1 TB M.2-2280 PCIe 4.0 X4 NVME Solid State Drive (CT1000P5PSSD8),https://cdna.pcpartpicker.com/static/forever/images/product/43c2b68eaed9cd66fa6d7d71ee8e2756.256p.jpg,https://pcpartpicker.com/product/7nXJ7P/crucial-p5-plus-1-tb-m2-2280-pcie-40-x4-nvme-solid-state-drive-ct1000p5pssd8,NVME,1000
storage,TEAMGROUP MP33 1 TB M.2-2280 PCIe 3.0 X4 NVME Solid State Drive (TM8FP6001T0C101),https://cdna.pcpartpicker.com/static/forever/images/product/567dfd409067c0a10aa67fc3c720c46d.256p.jpg,https://pcpartpicker.com/product/64MTwP/team-mp33-1-tb-m2-2280-nvme-solid-state-drive-tm8fp6001t0c101,NVME,1000
storage,MSI SPATIUM M371 1 TB M.2-2280 PCIe 3.0 X4 NVME Solid State Drive (SPATIUM-M371-1TB),https://cdna.pcpartpicker.com/static/forever/images/product/d107382d93f8644cb089dc6bc87107e5.256p.jpg,https://pcpartpicker.com/product/JtxRsY/msi-spatium-m371-1-tb-m2-2280-pcie-30-x4-nvme-solid-state-drive-spatium-m371-1tb,NVME,1000
storage,MSI SPATIUM M450 1 TB M.2-2280 PCIe 4.0 X4 NVME Solid State Drive (SM450N1TB),https://cdna.pcpartpicker.com/static/forever/images/product/af0a9572eb427edd65bef904f37dd1b5.256p.jpg,https://pcpartpicker.com/product/XzgFf7/msi-spatium-m450-1-tb-m2-2280-pcie-40-x4-nvme-solid-state-drive-sm450n1tb,NVME,1000
storage,Crucial T700 1 TB M.2-2280 PCIe 5.0 X4 NVME Solid State Drive (CT1000T700SSD3),https://cdna.pcpartpicker.com/static/forever/images/product/708ad07de98d1fb30d2435a7ef47b3ab.256p.jpg,https://pcpartpicker.com/product/mVwmP6/crucial-t700-1-tb-m2-2280-pcie-50-x4-nvme-solid-state-drive-ct1000t700ssd3,NVME,1000
storage,TEAMGROUP T-Force Cardea Z44L 1 TB M.2-2280 PCIe 4.0 X4 NVME Solid State Drive (TM8FPL001T0C127),https://cdna.pcpartpicker.com/static/forever/images/product/eecbdd8aac6a11b6518a94fd1117ae39.256p.jpg,https://pcpartpicker.com/product/8BRYcf/team-t-force-cardea-z44l-1-tb-m2-2280-nvme-solid-state-drive-tm8fpl001t0c127,NVME,1000
storage,Silicon Power UD90 1 TB M.2-2280 PCIe 4.0 X4 NVME Solid State Drive (SP01KGBP44UD9005),https://cdna.pcpartpicker.com/static/forever/images/product/b897eb9b6b500cbebe80985cb7c8ba7e.256p.jpg,https://pcpartpicker.com/product/4kpzK8/silicon-power-ud90-1-tb-m2-2280-pcie-40-x4-nvme-solid-state-drive-sp01kgbp44ud9005,NVME,1000
storage,Intel 670p 1 TB M.2-2280 PCIe 3.0 X4 NVME Solid State Drive (SSDPEKNU010TZX1),https://cdna.pcpartpicker.com/static/forever/images/product/dcf368b5092373d4759de1ee874b9e79.256p.jpg,https://pcpartpicker.com/product/r4C48d/intel-670p-1-tb-m2-2280-nvme-solid-state-drive-ssdpeknu010tzx1,NVME,1000
storage,Samsung 980 Pro w/Heatsink 1 TB M.2-2280 PCIe 4.0 X4 NVME Solid State Drive (MZ-V8P1T0CW),https://cdna.pcpartpicker.com/static/forever/images/product/117a93ff22c8f38b2bfb8ff00b0b4d78.256p.jpg,https://pcpartpicker.com/product/4PYmP6/samsung-980-pro-heatsink-1-tb-m2-2280-nvme-solid-state-drive-mz-v8p1t0cw,NVME,1000
storage,Sabrent Rocket 4.0 1 TB M.2-2280 PCIe 4.0 X4 NVME Solid State Drive (SB-ROCKET-NVMe4-1TB),https://m.media-amazon.com/images/I/413arpEb7NL.jpg,https://pcpartpicker.com/product/fVYQzy/sabrent-rocket-40-1-tb-m2-2280-solid-state-drive-sb-rocket-nvme4-1tb,NVME,1000
storage,Kingston Fury Renegade 1 TB M.2-2280 PCIe 4.0 X4 NVME Solid State Drive (SFYRS/1000G),https://cdna.pcpartpicker.com/static/forever/images/product/4a39091cc852e56b16b02febdadeb3a7.256p.jpg,https://pcpartpicker.com/product/QxkWGX/kingston-fury-renegade-1-tb-m2-2280-nvme-solid-state-drive-sfyrs1000g,NVME,1000
storage,Leven JPS600 1 TB M.2-2280 PCIe 3.0 X4 NVME Solid State Drive (JPS600-1TB),https://m.media-amazon.com/images/I/313NI4W0yUL.jpg,https://pcpartpicker.com/product/wGXV3C/leven-jps600-1-tb-m2-2280-pcie-30-x4-nvme-solid-state-drive-jps600-1tb,NVME,1000
storage,Western Digital Green SN350 1 TB M.2-2280 PCIe 3.0 X4 NVME Solid State Drive (WDS100T3G0C),https://cdna.pcpartpicker.com/static/forever/images/product/57b87f0a167a06e77da78f9812f28367.256p.jpg,https://pcpartpicker.com/product/zRnypg/western-digital-green-sn350-1-tb-m2-2280-nvme-solid-state-drive-wds100t3g0c,NVME,1000
storage,ADATA XPG GAMMIX S70 Blade 1 TB M.2-2280 PCIe 4.0 X4 NVME Solid State Drive (AGAMMIXS70B-1T-CS),https://cdna.pcpartpicker.com/static/forever/images/product/5a1578f5dbff7c6c5b2a6a29663d3293.256p.jpg,https://pcpartpicker.com/product/gvvdnQ/adata-xpg-gammix-s70-blade-1-tb-m2-2280-nvme-solid-state-drive-agammixs70b-1t-cs,NVME,1000
storage,Crucial P2 1 TB M.2-2280 PCIe 3.0 X4 NVME Solid State Drive (CT1000P2SSD8),https://cdna.pcpartpicker.com/static/forever/images/product/1533ee97447785234f3c72a4ef452986.256p.jpg,https://pcpartpicker.com/product/KMkgXL/crucial-p2-1-tb-m2-2280-nvme-solid-state-drive-ct1000p2ssd8,NVME,1000
storage,Samsung 970 Evo 1 TB M.2-2280 PCIe 3.0 X4 NVME Solid State Drive (MZ-V7E1T0BW),https://cdna.pcpartpicker.com/static/forever/images/product/09a31f32abb3daaf5ed9b849bd60e675.256p.jpg,https://pcpartpicker.com/product/JLdxFT/samsung-970-evo-10tb-m2-2280-solid-state-drive-mz-v7e1t0baw,NVME,1000
storage,MSI SPATIUM M461 1 TB M.2-2280 PCIe 4.0 X4 NVME Solid State Drive (SPATIUM M461 1TB),https://cdna.pcpartpicker.com/static/forever/images/product/0462e038777b8471d8d2ba51f8b04b73.256p.jpg,https://pcpartpicker.com/product/Ry4Zxr/msi-spatium-m461-1-tb-m2-2280-pcie-40-x4-nvme-solid-state-drive-spatium-m461-1tb,NVME,1000
storage,Western Digital Blue SN550 1 TB M.2-2280 PCIe 3.0 X4 NVME Solid State Drive (WDS100T2B0C),https://cdna.pcpartpicker.com/static/forever/images/product/73be90b182cdb68fe899775fb8fa56ed.256p.jpg,https://pcpartpicker.com/product/BhmFf7/western-digital-blue-sn550-1-tb-m2-2280-nvme-solid-state-drive-wds100t2b0c,NVME,1000
storage,Lexar NM620 1 TB M.2-2280 PCIe 3.0 X4 NVME Solid State Drive (LNM620X001T-RNNNG),https://cdna.pcpartpicker.com/static/forever/images/product/8618752d44f122e9b16d057538903ec4.256p.jpg,https://pcpartpicker.com/product/VHM48d/lexar-nm620-1-tb-m2-2280-nvme-solid-state-drive-lnm620x001t-rnnng,NVME,1000
storage,TEAMGROUP MP34 1 TB M.2-2280 PCIe 3.0 X4 NVME Solid State Drive (TM8FP4001T0C101),https://cdna.pcpartpicker.com/static/forever/images/product/249d7ecea46737d175b4638a78b16f9f.256p.jpg,https://pcpartpicker.com/product/Y6YLrH/teamgroup-mp34-1-tb-m2-2280-nvme-solid-state-drive-tm8fp4001t0c101,NVME,1000
storage,Corsair MP700 1 TB M.2-2280 PCIe 5.0 X4 NVME Solid State Drive (CSSD-F1000GBMP700R2),https://cdna.pcpartpicker.com/static/forever/images/product/8f03083d4affdbfe576874c37cf26ebc.256p.jpg,https://pcpartpicker.com/product/PjZXsY/corsair-mp700-1-tb-m2-2280-pcie-50-x4-nvme-solid-state-drive-cssd-f1000gbmp700r2,NVME,1000
storage,SK Hynix Platinum P41 1 TB M.2-2280 PCIe 4.0 X4 NVME Solid State Drive (SHPP41-1000GM-2),https://m.media-amazon.com/images/I/31TAUSyRkcL.jpg,https://pcpartpicker.com/product/sw2WGX/sk-hynix-platinum-p41-1-tb-m2-2280-nvme-solid-state-drive-shpp41-1000gm-2,NVME,1000
storage,Western Digital Black SN750 1 TB M.2-2280 PCIe 3.0 X4 NVME Solid State Drive (WDS100T3X0C),https://cdna.pcpartpicker.com/static/forever/images/product/0e711f3edb98f9680cc528271201d8d2.256p.jpg,https://pcpartpicker.com/product/QQrmP6/western-digital-wd_black-sn750-1-tb-m2-2280-nvme-solid-state-drive-wds100t3x0c,NVME,1000
storage,Seagate FireCuda 530 1 TB M.2-2280 PCIe 4.0 X4 NVME Solid State Drive (ZP1000GM3A013),https://cdna.pcpartpicker.com/static/forever/images/product/a82a914921d63165f8a7b096089ff91f.256p.jpg,https://pcpartpicker.com/product/GRYmP6/seagate-firecuda-530-1-tb-m2-2280-nvme-solid-state-drive-zp1000gm3a013,NVME,1000
storage,TEAMGROUP Cardea Zero Z440 Graphene 1 TB M.2-2280 PCIe 4.0 X4 NVME Solid State Drive (TM8FP7001T0C311),https://m.media-amazon.com/images/I/41XR6WSmKGL.jpg,https://pcpartpicker.com/product/nRVG3C/teamgroup-cardea-zero-z440-graphene-1-tb-m2-2280-nvme-solid-state-drive-tm8fp7001t0c311,NVME,1000
storage,Western Digital Black SN850X w/Heatsink 1 TB M.2-2280 PCIe 4.0 X4 NVME Solid State Drive (WDS100T2XHE),https://cdna.pcpartpicker.com/static/forever/images/product/57d6e2928f2118c8f26100caf36ab606.256p.jpg,https://pcpartpicker.com/product/Ccwypg/western-digital-black-sn850x-with-heatsink-1-tb-m2-2280-nvme-solid-state-drive-wds100t2xhe,NVME,1000
storage,Solidigm P44 Pro 1 TB M.2-2280 PCIe 4.0 X4 NVME Solid State Drive (SSDPFKKW010X7X1),https://cdna.pcpartpicker.com/static/forever/images/product/ddce2014fa19c3ecc4cc5e2194e06cd5.256p.jpg,https://pcpartpicker.com/product/vrTp99/solidigm-p44-pro-1-tb-m2-2280-pcie-40-x4-nvme-solid-state-drive-ssdpfkkw010x7x1,NVME,1000
storage,SK Hynix Gold P31 1 TB M.2-2280 PCIe 3.0 X4 NVME Solid State Drive (SHGP31-1000GM-2),https://m.media-amazon.com/images/I/41ae166g+hL.jpg,https://pcpartpicker.com/product/xNCFf7/sk-hynix-gold-p31-1-tb-m2-2280-pcie-30-x4-nvme-solid-state-drive-shgp31-1000gm-2,NVME,1000
storage,ADATA XPG SX8200 Pro 1 TB M.2-2280 PCIe 3.0 X4 NVME Solid State Drive (ASX8200PNP-1TT-C),https://m.media-amazon.com/images/I/41eyOiRp8XL.jpg,https://pcpartpicker.com/product/zR3H99/adata-sx8200-1-tb-m2-2280-solid-state-drive-asx8200pnp-1tt-c,NVME,1000
storage,Silicon Power UD85 1 TB M.2-2280 PCIe 4.0 X4 NVME Solid State Drive (SP01KGBP44UD8505),https://cdna.pcpartpicker.com/static/forever/images/product/b80655b61313a25a93040d7c5a41e56c.256p.jpg,https://pcpartpicker.com/product/vXLdnQ/silicon-power-ud85-1-tb-m2-2280-pcie-40-x4-nvme-solid-state-drive-sp01kgbp44ud8505,NVME,1000
storage,PNY CS1030 1 TB M.2-2280 PCIe 3.0 X4 NVME Solid State Drive (M280CS1030-1TB-RB),https://cdna.pcpartpicker.com/static/forever/images/product/4dc9f5fe909a995df743f3eee4584542.256p.jpg,https://pcpartpicker.com/product/9CjNnQ/pny-cs1030-1-tb-m2-2280-nvme-solid-state-drive-m280cs1030-1tb-rb,NVME,1000
storage,KIOXIA EXCERIA G2 1 TB M.2-2280 PCIe 3.0 X4 NVME Solid State Drive (LRC20Z001TG8),https://cdna.pcpartpicker.com/static/forever/images/product/539625d9936fcd327344ac9f701d188c.256p.jpg,https://pcpartpicker.com/product/qBVmP6/kioxia-exceria-g2-1-tb-m2-2280-nvme-solid-state-drive-lrc20z001tg8,NVME,1000
storage,Sabrent Rocket 4 Plus 1 TB M.2-2280 PCIe 4.0 X4 NVME Solid State Drive (SB-RKT4P-1TB),https://cdna.pcpartpicker.com/static/forever/images/product/86b6d83bc1f68a41d8b885e21492dddf.256p.jpg,https://pcpartpicker.com/product/dpyqqs/sabrent-rocket-4-plus-1-tb-m2-2280-nvme-solid-state-drive-sb-rkt4p-1tb,NVME,1000
storage,Crucial P1 1 TB M.2-2280 PCIe 3.0 X4 NVME Solid State Drive (CT1000P1SSD8),https://cdna.pcpartpicker.com/static/forever/images/product/c375bc816cb1189605ece2421baadb94.256p.jpg,https://pcpartpicker.com/product/pxKcCJ/crucial-p1-1tb-m2-2280-solid-state-drive-ct1000p1ssd8,NVME,1000
storage,Western Digital Black SN850 1 TB M.2-2280 PCIe 4.0 X4 NVME Solid State Drive (WDS100T1X0E),https://cdna.pcpartpicker.com/static/forever/images/product/67ae19fe7847cb5bf67f4448e717e831.256p.jpg,https://pcpartpicker.com/product/W69tt6/western-digital-black-sn850-1-tb-m2-2280-nvme-solid-state-drive-wds100t1x0e,NVME,1000
storage,Corsair MP600 CORE XT 1 TB M.2-2280 PCIe 4.0 X4 NVME Solid State Drive (CSSD-F1000GBMP600CXT),https://cdna.pcpartpicker.com/static/forever/images/product/72ef56a7a1e4daa2e550a57f9abcc9f1.256p.jpg,https://pcpartpicker.com/product/Tn7scf/corsair-mp600-core-xt-1-tb-m2-2280-pcie-40-x4-nvme-solid-state-drive-cssd-f1000gbmp600cxt,NVME,1000
storage,Samsung 990 Pro w/Heatsink 1 TB M.2-2280 PCIe 4.0 X4 NVME Solid State Drive (MZ-V9P1T0CW),https://cdna.pcpartpicker.com/static/forever/images/product/a2988cd0655c6c7d2dedf7cd4b84bf70.256p.jpg,https://pcpartpicker.com/product/9c2WGX/samsung-990-pro-wheatsink-1-tb-m2-2280-pcie-40-x4-nvme-solid-state-drive-mz-v9p1t0cw,NVME,1000
storage,Timetec 35TTFP6PCIE 1 TB M.2-2280 PCIe 3.0 X4 NVME Solid State Drive (35TTFP6PCIE-1TB),https://m.media-amazon.com/images/I/413qz+IDzHL.jpg,https://pcpartpicker.com/product/GPPQzy/timetec-35ttfp6pcie-1-tb-m2-2280-nvme-solid-state-drive-35ttfp6pcie-1tb,NVME,1000
storage,TEAMGROUP MP33 PRO 1 TB M.2-2280 PCIe 3.0 X4 NVME Solid State Drive (TM8FPD001T0C101),https://cdna.pcpartpicker.com/static/forever/images/product/6b1c4b8f45703c35569656622ff924ed.256p.jpg,https://pcpartpicker.com/product/LvGbt6/team-mp33-pro-1-tb-m2-2280-nvme-solid-state-drive-tm8fpd001t0c101,NVME,1000
storage,ADATA Legend 800 1 TB M.2-2280 PCIe 4.0 X4 NVME Solid State Drive (ALEG-800-1000GCS),https://cdna.pcpartpicker.com/static/forever/images/product/9e7a250a3aa568063b40f67f2aeecf9f.256p.jpg,https://pcpartpicker.com/product/2GXV3C/adata-legend-800-1-tb-m2-2280-pcie-40-x4-nvme-solid-state-drive-aleg-800-1000gcs,NVME,1000
storage,Corsair MP600 1 TB M.2-2280 PCIe 4.0 X4 NVME Solid State Drive (CSSD-F1000GBMP600R2),https://cdna.pcpartpicker.com/static/forever/images/product/026b081c157606be13b353f0e38eccdf.256p.jpg,https://pcpartpicker.com/product/6QgFf7/corsair-mp600-1-tb-m2-2280-nvme-solid-state-drive-cssd-f1000gbmp600r2,NVME,1000
storage,Solidigm P41 Plus 1 TB M.2-2280 PCIe 4.0 X4 NVME Solid State Drive (SSDPFKNU010TZX1),https://cdna.pcpartpicker.com/static/forever/images/product/aafcbf420443bb76cfe6a8c174f447db.256p.jpg,https://pcpartpicker.com/product/3s92FT/solidigm-p41-plus-1-tb-m2-2280-pcie-40-x4-nvme-solid-state-drive-ssdpfknu010tzx1,NVME,1000
storage,Gigabyte AORUS Gen5 1 TB M.2-2280 PCIe 5.0 X4 NVME Solid State Drive (AG510K1TB),https://cdna.pcpartpicker.com/static/forever/images/product/296b3b34634f68def4aee409d2493290.256p.jpg,https://pcpartpicker.com/product/QgtLrH/gigabyte-aorus-gen5-1-tb-m2-2280-pcie-50-x4-nvme-solid-state-drive-ag510k1tb,NVME,1000
storage,Crucial T700 W/Heatsink 1 TB M.2-2280 PCIe 5.0 X4 NVME Solid State Drive (CT1000T700SSD5),https://cdna.pcpartpicker.com/static/forever/images/product/aeb312f0e26355b4840393bd66b512cb.256p.jpg,https://pcpartpicker.com/product/9xsV3C/crucial-t700-wheatsink-1-tb-m2-2280-pcie-50-x4-nvme-solid-state-drive-ct1000t700ssd5,NVME,1000
storage,Silicon Power P34A80 1 TB M.2-2280 PCIe 3.0 X4 NVME Solid State Drive (SU001TBP34A80M28AB),https://m.media-amazon.com/images/I/41oSTESsn9L.jpg,https://pcpartpicker.com/product/VXyqqs/silicon-power-p34a80-1-tb-m2-2280-nvme-solid-state-drive-su001tbp34a80m28ab,NVME,1000
storage,TEAMGROUP MP44L 1 TB M.2-2280 PCIe 4.0 X4 NVME Solid State Drive (TM8FPK001T0C101),https://cdna.pcpartpicker.com/static/forever/images/product/b7e87809a48525a1340938718110fecc.256p.jpg,https://pcpartpicker.com/product/2x4Ycf/teamgroup-mp44l-1-tb-m2-2280-pcie-40-x4-nvme-solid-state-drive-tm8fpk001t0c101,NVME,1000
storage,Sabrent Rocket Q 1 TB M.2-2280 PCIe 3.0 X4 NVME Solid State Drive (SB-RKTQ-1TB),https://m.media-amazon.com/images/I/41P-zScM92L.jpg,https://pcpartpicker.com/product/HmmFf7/sabrent-rocket-q-1-tb-m2-2280-nvme-solid-state-drive-sb-rktq-1tb,NVME,1000
storage,Kingston A2000 1 TB M.2-2280 PCIe 3.0 X4 NVME Solid State Drive (SA2000M8/1000G),https://cdna.pcpartpicker.com/static/forever/images/product/04f2780924ad6adc22bc16609804195f.256p.jpg,https://pcpartpicker.com/product/9vWBD3/kingston-a2000-1-tb-m2-2280-nvme-solid-state-drive-sa2000m81000g,NVME,1000
storage,Lexar NM790 1 TB M.2-2280 PCIe 4.0 X4 NVME Solid State Drive (LNM790X001T-RNNNG),https://m.media-amazon.com/images/I/21bze1LQrQL.jpg,https://pcpartpicker.com/product/B8QKHx/lexar-nm790-1-tb-m2-2280-pcie-40-x4-nvme-solid-state-drive-lnm790x001t-rnnng,NVME,1000
storage,Corsair MP600 PRO XT 1 TB M.2-2280 PCIe 4.0 X4 NVME Solid State Drive (CSSD-F1000GBMP600PXT),https://cdna.pcpartpicker.com/static/forever/images/product/30feb0d406c2b123141dfd76bd25992e.256p.jpg,https://pcpartpicker.com/product/gcBG3C/corsair-mp600-pro-xt-1-tb-m2-2280-nvme-solid-state-drive-cssd-f1000gbmp600pxt,NVME,1000
storage,Corsair MP600 GS 1 TB M.2-2280 PCIe 4.0 X4 NVME Solid State Drive (CSSD-F1000GBMP600GS),https://m.media-amazon.com/images/I/41QpdkokikL.jpg,https://pcpartpicker.com/product/YnZ9TW/corsair-mp600-gs-1-tb-m2-2280-pcie-40-x4-nvme-solid-state-drive-cssd-f1000gbmp600gs,NVME,1000
storage,Silicon Power P34A60 1 TB M.2-2280 PCIe 3.0 X4 NVME Solid State Drive (SU001TBP34A60M28CA),https://m.media-amazon.com/images/I/41g7yvz1atL.jpg,https://pcpartpicker.com/product/drwypg/silicon-power-p34a60-1-tb-m2-2280-nvme-solid-state-drive-su001tbp34a60m28ca,NVME,1000
storage,MSI SPATIUM M470 1 TB M.2-2280 PCIe 4.0 X4 NVME Solid State Drive (SM470N1TB),https://m.media-amazon.com/images/I/41-8hp0bdSS.jpg,https://pcpartpicker.com/product/zGt9TW/msi-spatium-m470-1-tb-m2-2280-pcie-40-x4-nvme-solid-state-drive-sm470n1tb,NVME,1000
storage,Gigabyte AORUS Gen4 7000s 1 TB M.2-2280 PCIe 4.0 X4 NVME Solid State Drive (GP-AG70S1TB),https://cdna.pcpartpicker.com/static/forever/images/product/c4cde2be435d217826a3d3e69a76b6f8.256p.jpg,https://pcpartpicker.com/product/gMpzK8/gigabyte-aorus-gen4-7000s-1-tb-m2-2280-nvme-solid-state-drive-gp-ag70s1tb,NVME,1000
storage,Lexar NM710 1 TB M.2-2280 PCIe 4.0 X4 NVME Solid State Drive (LNM710X001T-RNNNG),https://cdna.pcpartpicker.com/static/forever/images/product/8c8fa679a8a4d517926eb7d1f7495982.256p.jpg,https://pcpartpicker.com/product/V3yH99/lexar-nm710-1-tb-m2-2280-pcie-40-x4-nvme-solid-state-drive-lnm710x001t-rnnng,NVME,1000
storage,Kingston NV1 1 TB M.2-2280 PCIe 3.0 X4 NVME Solid State Drive (SNVS/1000G),https://cdna.pcpartpicker.com/static/forever/images/product/4b38e34b765a81eddcd84d5450a7f353.256p.jpg,https://pcpartpicker.com/product/4NWzK8/kingston-nv1-1-tb-m2-2280-nvme-solid-state-drive-snvs1000g,NVME,1000
storage,PNY CS1031 1 TB M.2-2280 PCIe 3.0 X4 NVME Solid State Drive (M280CS1031-1TB-CL),https://m.media-amazon.com/images/I/31z8MzKBELL.jpg,https://pcpartpicker.com/product/ZCJp99/pny-cs1031-1-tb-m2-2280-pcie-30-x4-nvme-solid-state-drive-m280cs1031-1tb-cl,NVME,1000
storage,Asus ROG Strix SQ7 1 TB M.2-2260 PCIe 4.0 X4 NVME Solid State Drive (90DD02PZ-M09000),https://cdna.pcpartpicker.com/static/forever/images/product/5799413da768adb5d686323be059d43d.256p.jpg,https://pcpartpicker.com/product/gK88TW/asus-rog-strix-sq7-1-tb-m2-2260-pcie-40-x4-nvme-solid-state-drive-90dd02pz-m09000,NVME,1000
storage,ADATA LEGEND 840 1 TB M.2-2280 PCIe 4.0 X4 NVME Solid State Drive (ALEG-840-1TCS),https://m.media-amazon.com/images/I/31cHVWPIp6L.jpg,https://pcpartpicker.com/product/nThFf7/adata-legend-840-1-tb-m2-2280-nvme-solid-state-drive-aleg-840-1tcs,NVME,1000
storage,Gigabyte Gen3 2500E 1 TB M.2-2280 PCIe 3.0 X4 NVME Solid State Drive (G325E1TB),https://m.media-amazon.com/images/I/31CbWt+3zwL.jpg,https://pcpartpicker.com/product/MJvdnQ/gigabyte-gen3-2500e-1-tb-m2-2280-pcie-30-x4-nvme-solid-state-drive-g325e1tb,NVME,1000
storage,Samsung 970 Pro 1 TB M.2-2280 PCIe 3.0 X4 NVME Solid State Drive (MZ-V7P1T0BW),https://cdna.pcpartpicker.com/static/forever/images/product/f5fbcbb3afcdfe42608154abf2f9de71.256p.jpg,https://pcpartpicker.com/product/g6Nv6h/samsung-970-pro-10tb-m2-2280-solid-state-drive-mz-v7p1t0bw,NVME,1000
storage,Acer Predator GM7000 1 TB M.2-2280 PCIe 4.0 X4 NVME Solid State Drive (BL.9BWWR.105),https://cdna.pcpartpicker.com/static/forever/images/product/1181de6bb1f33eb13aba4cab40a3d10c.256p.jpg,https://pcpartpicker.com/product/GyZ9TW/acer-predator-gm7000-1-tb-m2-2280-nvme-solid-state-drive-bl9bwwr105,NVME,1000
storage,Sabrent Rocket 1 TB M.2-2280 PCIe 3.0 X4 NVME Solid State Drive (SB-ROCKET-1TB),https://cdna.pcpartpicker.com/static/forever/images/product/7b0c9e173ee37f2d23e0f4d6e696536e.256p.jpg,https://pcpartpicker.com/product/N7zkcf/sabrent-1-tb-m2-2280-solid-state-drive-sb-rocket-1tb,NVME,1000
storage,ADATA Legend 710 1 TB M.2-2280 PCIe 3.0 X4 NVME Solid State Drive (ALEG-710-1TCS),https://cdna.pcpartpicker.com/static/forever/images/product/fcfc16d3df880de0f065760333e239cb.256p.jpg,https://pcpartpicker.com/product/NQt9TW/adata-legend-710-1-tb-m2-2280-pcie-30-x4-nvme-solid-state-drive-aleg-710-1tcs,NVME,1000
storage,PNY CS2140 1 TB M.2-2280 PCIe 4.0 X4 NVME Solid State Drive (M280CS2140-1TB-RB),https://cdna.pcpartpicker.com/static/forever/images/product/d46e6931e1bc0a97166ac4efa9eb0f94.256p.jpg,https://pcpartpicker.com/product/8pTp99/pny-cs2140-1-tb-m2-2280-nvme-solid-state-drive-m280cs2140-1tb-rb,NVME,1000
storage,ADATA XPG SPECTRIX S40G RGB 1 TB M.2-2280 PCIe 3.0 X4 NVME Solid State Drive (AS40G-1TT-C),https://cdna.pcpartpicker.com/static/forever/images/product/474abe769959b27b7cd7c61df950b02b.256p.jpg,https://pcpartpicker.com/product/7WcRsY/adata-xpg-spectrix-s40g-rgb-1-tb-m2-2280-nvme-solid-state-drive-as40g-1tt-c,NVME,1000
storage,Silicon Power A55 1 TB M.2-2280 SATA Solid State Drive (SP001TBSS3A55M28),https://cdna.pcpartpicker.com/static/forever/images/product/cd4a9af50b9d28d4cbe61ee0ad665685.256p.jpg,https://pcpartpicker.com/product/cbqhP6/silicon-power-a55-1-tb-m2-2280-solid-state-drive-sp001tbss3a55m28,NVME,1000
storage,Corsair MP600 Force Series Gen4 1 TB M.2-2280 PCIe 3.0 X4 NVME Solid State Drive (CSSD-F1000GBMP600),https://cdna.pcpartpicker.com/static/forever/images/product/f84a7ecafc7e7fb85c25a1c6414f5097.256p.jpg,https://pcpartpicker.com/product/gCJmP6/corsair-mp600-force-series-gen4-1-tb-m2-2280-solid-state-drive-cssd-f1000gbmp600,NVME,1000
storage,Patriot P300 1 TB M.2-2280 PCIe 3.0 X4 NVME Solid State Drive (P300P1TBM28),https://cdna.pcpartpicker.com/static/forever/images/product/802eda7983bb37a733ea6f9890791188.256p.jpg,https://pcpartpicker.com/product/bdsnTW/patriot-p300-1-tb-m2-2280-nvme-solid-state-drive-p300p1tbm28,NVME,1000
storage,Gigabyte AORUS Gen4 1 TB M.2-2280 PCIe 4.0 X4 NVME Solid State Drive (GP-AG41TB),https://cdna.pcpartpicker.com/static/forever/images/product/d59265eb1c1a742d7b7510e8259924db.256p.jpg,https://pcpartpicker.com/product/N8n8TW/gigabyte-aorus-gen4-1-tb-m2-2280-nvme-solid-state-drive-gp-ag41tb,NVME,1000
storage,Western Digital Black SN750 SE 1 TB M.2-2280 PCIe 4.0 X4 NVME Solid State Drive (WDS100T1B0E),https://cdna.pcpartpicker.com/static/forever/images/product/08105799a06f56c779261642b857dd7f.256p.jpg,https://pcpartpicker.com/product/P8Z9TW/western-digital-wd_black-sn750-se-1-tb-m2-2280-nvme-solid-state-drive-wds100t1b0e,NVME,1000
storage,Western Digital Blue 1 TB M.2-2280 SATA Solid State Drive (WDS100T2B0B),https://cdna.pcpartpicker.com/static/forever/images/product/934b03245c9772e668213ce23429bd1a.256p.jpg,https://pcpartpicker.com/product/DgJtt6/western-digital-blue-1tb-m2-2280-solid-state-drive-wds100t2b0b,NVME,1000
storage,Intel 660p 1 TB M.2-2280 PCIe 3.0 X4 NVME Solid State Drive (SSDPEKNW010T801),https://cdna.pcpartpicker.com/static/forever/images/product/a12a54dbeeddd999d000ee867831f64f.256p.jpg,https://pcpartpicker.com/product/K6Jtt6/intel-660p-1-tb-m2-2280-nvme-solid-state-drive-ssdpeknw010t801,NVME,1000
storage,Inland Performance Plus 1 TB M.2-2280 PCIe 4.0 X4 NVME Solid State Drive (329474),https://m.media-amazon.com/images/I/41bnEk-c30L.jpg,https://pcpartpicker.com/product/CLmmP6/inland-performance-plus-1-tb-m2-2280-nvme-solid-state-drive-329474,NVME,1000
storage,Western Digital WD_BLACK SN850P for PS5 1 TB M.2-2280 PCIe 4.0 X4 NVME Solid State Drive (WDBBYV0010BNC-WRSN),https://m.media-amazon.com/images/I/31AvWWHMITL.jpg,https://pcpartpicker.com/product/vdqrxr/western-digital-wd_black-sn850p-for-ps5-1-tb-m2-2280-pcie-40-x4-nvme-solid-state-drive-wdbbyv0010bnc-wrsn,NVME,1000
storage,TEAMGROUP MS30 1 TB M.2-2280 SATA Solid State Drive (TM8PS7001T0C101),https://cdna.pcpartpicker.com/static/forever/images/product/6c56efb792800668ebdf88501040055a.256p.jpg,https://pcpartpicker.com/product/XZhKHx/team-ms30-1-tb-m2-2280-solid-state-drive-tm8ps7001t0c101,NVME,1000
storage,Inland QN322 1 TB M.2-2280 PCIe 3.0 X4 NVME Solid State Drive (1TB QN322 NVME),https://m.media-amazon.com/images/I/41qAE4r0DwL.jpg,https://pcpartpicker.com/product/Z93gXL/inland-qn322-1-tb-m2-2280-pcie-30-x4-nvme-solid-state-drive-1tb-qn322-nvme,NVME,1000
storage,PNY XLR8 CS3040 1 TB M.2-2280 PCIe 4.0 X4 NVME Solid State Drive (M280CS3040-1TB-RB),https://cdna.pcpartpicker.com/static/forever/images/product/e56fee327e6d72771db2dad0c6e4349f.256p.jpg,https://pcpartpicker.com/product/B8FKHx/pny-xlr8-cs03040-1-tb-m2-2280-nvme-solid-state-drive-m280cs3040-1tb-rb,NVME,1000
storage,Sabrent Rocket Q4 1 TB M.2-2280 PCIe 4.0 X4 NVME Solid State Drive (SB-RKTQ4-1TB),https://m.media-amazon.com/images/I/418uWM05nkL.jpg,https://pcpartpicker.com/product/hQ4BD3/sabrent-rocket-q4-1-tb-m2-2280-nvme-solid-state-drive-sb-rktq4-1tb,NVME,1000
storage,TEAMGROUP T-Force Cardea A440 Pro 1 TB M.2-2280 PCIe 4.0 X4 NVME Solid State Drive (TM8FPR001T0C129),https://cdna.pcpartpicker.com/static/forever/images/product/4ccb73baed8f94574445976fdb82509d.256p.jpg,https://pcpartpicker.com/product/X9vdnQ/teamgroup-t-force-cardea-a440-pro-1-tb-m2-2280-nvme-solid-state-drive-tm8fpr001t0c129,NVME,1000
storage,Corsair MP600 PRO NH 1 TB M.2-2280 PCIe 4.0 X4 NVME Solid State Drive (CSSD-F1000GBMP600PNH),https://m.media-amazon.com/images/I/41VVrReoNJL.jpg,https://pcpartpicker.com/product/jtwypg/corsair-mp600-pro-nh-1-tb-m2-2280-pcie-40-x4-nvme-solid-state-drive-cssd-f1000gbmp600pnh,NVME,1000
storage,Crucial P5 1 TB M.2-2280 PCIe 3.0 X4 NVME Solid State Drive (CT1000P5SSD8),https://cdna.pcpartpicker.com/static/forever/images/product/0054b5551c98eef2dfe7776fbd3ea95a.256p.jpg,https://pcpartpicker.com/product/yTTzK8/crucial-p5-1-tb-m2-2280-nvme-solid-state-drive-ct1000p5ssd8,NVME,1000
storage,Samsung 960 Evo 1 TB M.2-2280 PCIe 3.0 X4 NVME Solid State Drive (MZ-V6E1T0),https://cdna.pcpartpicker.com/static/forever/images/product/0bd66e6f1e269b83699737ce79ae225b.256p.jpg,https://pcpartpicker.com/product/4cyxFT/samsung-960-evo-1tb-m2-2280-solid-state-drive-mz-v6e1t0,NVME,1000
storage,Seagate FireCuda 520 1 TB M.2-2280 PCIe 4.0 X4 NVME Solid State Drive (ZP1000GM3A002),https://cdna.pcpartpicker.com/static/forever/images/product/3a7b9a069c847e509654192111742930.256p.jpg,https://pcpartpicker.com/product/nfpmP6/seagate-firecuda-520-1-tb-m2-2280-nvme-solid-state-drive-zp1000gm3a002,NVME,1000
storage,Silicon Power A80 1 TB M.2-2280 PCIe 3.0 X4 NVME Solid State Drive (SP001TBP34A80M28),https://cdna.pcpartpicker.com/static/forever/images/product/2a85ca00742c3b65c7ea628f7ea86d2f.256p.jpg,https://pcpartpicker.com/product/2sdxFT/silicon-power-a80-1-tb-m2-2280-pcie-30-x4-nvme-solid-state-drive-sp001tbp34a80m28,NVME,1000
storage,Mushkin Helix-L 1 TB M.2-2280 PCIe 3.0 X4 NVME Solid State Drive (MKNSSDHL1TB-D8),https://cdna.pcpartpicker.com/static/forever/images/product/69b8ba8b2614dee2181ab7b3999a8ea6.256p.jpg,https://pcpartpicker.com/product/BJF48d/mushkin-enhanced-helix-l-1-tb-m2-2280-solid-state-drive-mknssdhl1tb-d8,NVME,1000
storage,Seagate FireCuda 540 1 TB M.2-2280 PCIe 5.0 X4 NVME Solid State Drive (ZP1000GM3A004),https://cdna.pcpartpicker.com/static/forever/images/product/f40cbd5c8d9acdb926d53cf83448bb4a.256p.jpg,https://pcpartpicker.com/product/HTrqqs/seagate-firecuda-540-1-tb-m2-2280-pcie-50-x4-nvme-solid-state-drive-zp1000gm3a004,NVME,1000
storage,Intel 665p 1 TB M.2-2280 PCIe 3.0 X4 NVME Solid State Drive (SSDPEKNW010T9X1),https://cdna.pcpartpicker.com/static/forever/images/product/e1dc570a5375a1c13baa309fb514d913.256p.jpg,https://pcpartpicker.com/product/YvZzK8/intel-665p-1-tb-m2-2280-nvme-solid-state-drive-ssdpeknw010t9x1,NVME,1000
storage,HP EX920 1 TB M.2-2280 PCIe 3.0 X4 NVME Solid State Drive (2YY47AA#ABC),https://cdna.pcpartpicker.com/static/forever/images/product/23efbb1120944857bf3d1248a5c53ee7.256p.jpg,https://pcpartpicker.com/product/88bwrH/hp-ex920-1tb-m2-2280-solid-state-drive-2yy47aaabc,NVME,1000
storage,Addlink S70 1 TB M.2-2280 PCIe 3.0 X4 NVME Solid State Drive (8541578384),https://m.media-amazon.com/images/I/41WnMdD4JVL.jpg,https://pcpartpicker.com/product/fxsnTW/addlink-s70-1-tb-m2-2280-nvme-solid-state-drive-8541578384,NVME,1000
storage,Leven JPS800 1 TB M.2-2280 PCIe 4.0 X4 NVME Solid State Drive (JPS800-1TB),https://m.media-amazon.com/images/I/31AgFXNONGL.jpg,https://pcpartpicker.com/product/sRBzK8/leven-jps800-1-tb-m2-2280-pcie-40-x4-nvme-solid-state-drive-jps800-1tb,NVME,1000
storage,Silicon Power XS70 1 TB M.2-2280 PCIe 4.0 X4 NVME Solid State Drive (SP01KGBP44XS7005),https://cdna.pcpartpicker.com/static/forever/images/product/b5c093326e7f16f0d34445e39316f0ea.256p.jpg,https://pcpartpicker.com/product/XLLFf7/silicon-power-xs70-1-tb-m2-2280-pcie-40-x4-nvme-solid-state-drive-sp01kgbp44xs7005,NVME,1000
storage,MSI SPATIUM M480 1 TB M.2-2280 PCIe 4.0 X4 NVME Solid State Drive (SM480N1TB),https://cdna.pcpartpicker.com/static/forever/images/product/77b5046db1f690e2d52c3fa87d6a535e.256p.jpg,https://pcpartpicker.com/product/TVZ9TW/msi-spatium-m480-1-tb-m2-2280-nvme-solid-state-drive-sm480n1tb,NVME,1000
storage,Corsair MP600 PRO LPX 1 TB M.2-2280 PCIe 4.0 X4 NVME Solid State Drive (CSSD-F1000GBMP600PLP),https://cdna.pcpartpicker.com/static/forever/images/product/667a9649b7d52b5acdef269e5a6ebb91.256p.jpg,https://pcpartpicker.com/product/txjBD3/corsair-mp600-pro-lpx-1-tb-m2-2280-nvme-solid-state-drive-cssd-f1000gbmp600plp,NVME,1000
storage,Sabrent Rocket 4 Plus G 1 TB M.2-2280 PCIe 4.0 X4 NVME Solid State Drive (SB-RKTG-1TB),https://cdna.pcpartpicker.com/static/forever/images/product/cbd56491c56d60d6748b408b4fe1c64a.256p.jpg,https://pcpartpicker.com/product/nfJgXL/sabrent-rocket-4-plus-g-1-tb-m2-2280-pcie-40-x4-nvme-solid-state-drive-sb-rktg-1tb,NVME,1000
storage,ADATA XPG GAMMIX S50 Lite 1 TB M.2-2280 PCIe 4.0 X4 NVME Solid State Drive (AGAMMIXS50L-1T-C),https://cdna.pcpartpicker.com/static/forever/images/product/1122fe887aad76744b90f9a470c42968.256p.jpg,https://pcpartpicker.com/product/Wg2bt6/adata-xpg-gammix-s50-lite-1-tb-m2-2280-nvme-solid-state-drive-agammixs50l-1t-c,NVME,1000
storage,Seagate BarraCuda Q5 1 TB M.2-2280 PCIe 3.0 X4 NVME Solid State Drive (ZP1000CV3A001),https://cdna.pcpartpicker.com/static/forever/images/product/d902dfde825cee3cafb379e96397582a.256p.jpg,https://pcpartpicker.com/product/nkddnQ/seagate-barracuda-q5-1-tb-m2-2280-nvme-solid-state-drive-zp1000cv3a001,NVME,1000
storage,ADATA XPG GAMMIX S11 Pro 1 TB M.2-2280 PCIe 3.0 X4 NVME Solid State Drive (AGAMMIXS11P-1TT-C),https://images-eu.ssl-images-amazon.com/images/I/31Wj5Rc%2BJGL.jpg,https://pcpartpicker.com/product/qBCD4D/adata-xpg-gammix-s11-pro-1-tb-m2-2280-solid-state-drive-agammixs11p-1tt-c,NVME,1000
storage,Mushkin Vortex-LX 1 TB M.2-2280 PCIe 4.0 X4 NVME Solid State Drive (MKNSSDVL1TB-D8),https://m.media-amazon.com/images/I/21sW2uWFhaL.jpg,https://pcpartpicker.com/product/zYrqqs/mushkin-vortex-lx-1-tb-m2-2280-pcie-40-x4-nvme-solid-state-drive-mknssdvl1tb-d8,NVME,1000
storage,TEAMGROUP T-Force Cardea Zero Z330 1 TB M.2-2280 PCIe 3.0 X4 NVME Solid State Drive (TM8FP8001T0C311),https://cdna.pcpartpicker.com/static/forever/images/product/27a833ca4708b9c3f13e792c9bfa3a4b.256p.jpg,https://pcpartpicker.com/product/Nb4BD3/team-t-force-cardea-zero-z330-1-tb-m2-2280-nvme-solid-state-drive-tm8fp8001t0c311,NVME,1000
storage,Intel DC P4511 1 TB M.2-22110 PCIe 3.0 X4 NVME Solid State Drive (SSDPELKX010T801),https://cdna.pcpartpicker.com/static/forever/images/product/84de6e833584afed9af5e5ca118aa067.256p.jpg,https://pcpartpicker.com/product/BsTPxr/intel-dc-p4511-1-tb-m2-22110-nvme-solid-state-drive-ssdpelkx010t801,NVME,1000
storage,Gigabyte AORUS Gen4 1 TB M.2-2280 PCIe 4.0 X4 NVME Solid State Drive (GP-ASM2NE6100TTTD),https://cdna.pcpartpicker.com/static/forever/images/product/05f92bfac89c39f6204a970fd3877587.256p.jpg,https://pcpartpicker.com/product/KzK2FT/gigabyte-aorus-gen4-1-tb-m2-2280-pcie-40-x4-nvme-solid-state-drive-gp-asm2ne6100tttd,NVME,1000
storage,Samsung 860 Evo 1 TB M.2-2280 SATA Solid State Drive (MZ-N6E1T0BW),https://m.media-amazon.com/images/I/41zq6YSSiZL.jpg,https://pcpartpicker.com/product/wd97YJ/samsung-860-evo-1tb-m2-2280-solid-state-drive-mz-n6e1t0bw,NVME,1000
storage,Seagate FireCuda 530 w/Heatsink 1 TB M.2-2280 PCIe 4.0 X4 NVME Solid State Drive (ZP1000GM3A023),https://cdna.pcpartpicker.com/static/forever/images/product/c4fb278d586a7cba42674087dd6496a4.256p.jpg,https://pcpartpicker.com/product/MdddnQ/seagate-firecuda-530-wheatsink-1-tb-m2-2280-pcie-40-x4-nvme-solid-state-drive-zp1000gm3a023,NVME,1000
storage,Western Digital Blue SA510 1 TB M.2-2280 SATA Solid State Drive (WDS100T3B0B),https://cdna.pcpartpicker.com/static/forever/images/product/baeacc1454e92a1e8eaa8c9ca21d47e3.256p.jpg,https://pcpartpicker.com/product/7t2WGX/western-digital-blue-sa510-1-tb-m2-2280-solid-state-drive-wds100t3b0b,NVME,1000
storage,Kingston Fury Renegade with Heat Sink 1 TB M.2-2280 PCIe 4.0 X4 NVME Solid State Drive (SFYRSK/1000G),https://cdna.pcpartpicker.com/static/forever/images/product/fffe1ba051b880e726abe0550d5fe502.256p.jpg,https://pcpartpicker.com/product/sRLFf7/kingston-fury-renegade-with-heat-sink-1-tb-m2-2280-pcie-40-x4-nvme-solid-state-drive-sfyrsk1000g,NVME,1000
storage,MSI SPATIUM M480 PLAY 1 TB M.2-2280 PCIe 4.0 X4 NVME Solid State Drive (S78-440L680-P83),https://cdna.pcpartpicker.com/static/forever/images/product/c7f21f044181403141e29d15cbfa99f4.256p.jpg,https://pcpartpicker.com/product/kdstt6/msi-spatium-m480-play-1-tb-m2-2280-pcie-40-x4-nvme-solid-state-drive-s78-440l680-p83,NVME,1000
storage,KIOXIA EXCERIA 1 TB M.2-2280 PCIe 3.0 X4 NVME Solid State Drive (LRC10Z001TG8),https://cdna.pcpartpicker.com/static/forever/images/product/ab9b04509bf86c946f537e367cb6d791.256p.jpg,https://pcpartpicker.com/product/YNC48d/kioxia-exceria-1-tb-m2-2280-nvme-solid-state-drive-lrc10z001tg8,NVME,1000
storage,Lexar Professional NM800PRO 1 TB M.2-2280 PCIe 4.0 X4 NVME Solid State Drive (LNM800P001T-RNNNG),https://cdna.pcpartpicker.com/static/forever/images/product/dcde34ef19c882cb85d8ded815cd213c.256p.jpg,https://pcpartpicker.com/product/JXKKHx/lexar-professional-nm800pro-1-tb-m2-2280-nvme-solid-state-drive-lnm800p001t-rnnng,NVME,1000
storage,PNY CS2230 1 TB M.2-2280 PCIe 3.0 X4 NVME Solid State Drive (M280CS2230-1TB-RB),https://cdna.pcpartpicker.com/static/forever/images/product/b5cc5d898bdc8cffe2bbfbe5652417ee.256p.jpg,https://pcpartpicker.com/product/jqsV3C/pny-cs2230-1-tb-m2-2280-pcie-30-x4-nvme-solid-state-drive-m280cs2230-1tb-rb,NVME,1000
storage,Gigabyte AORUS Gen4 7300 1 TB M.2-2280 PCIe 4.0 X4 NVME Solid State Drive (AG4731TB),https://cdna.pcpartpicker.com/static/forever/images/product/13ca4d4a010106a48ee73a15e9022d11.256p.jpg,https://pcpartpicker.com/product/tNNYcf/gigabyte-aorus-gen4-7300-1-tb-m2-2280-pcie-40-x4-nvme-solid-state-drive-ag4731tb,NVME,1000
storage,Inland Premium 1 TB M.2-2280 PCIe 3.0 X4 NVME Solid State Drive (1TB NVME PREMIU),https://m.media-amazon.com/images/I/41kVvZzIZnL.jpg,https://pcpartpicker.com/product/4XjJ7P/inland-professional-1-tb-m2-2280-solid-state-drive-1tb-nvme-premiu,NVME,1000
storage,Lexar NM610PRO 1 TB M.2-2280 PCIe 3.0 X4 NVME Solid State Drive (LNM610P001T-RNNNG),https://cdna.pcpartpicker.com/static/forever/images/product/4882d36c303799525f14bd2b62efc068.256p.jpg,https://pcpartpicker.com/product/Z3wmP6/lexar-nm610pro-1-tb-m2-2280-pcie-30-x4-nvme-solid-state-drive-lnm610p001t-rnnng,NVME,1000
storage,Lexar NM620 1 TB M.2-2280 PCIe 3.0 X4 NVME Solid State Drive (LNM620X001T-RNNNU),https://m.media-amazon.com/images/I/41ETehG8hVL.jpg,https://pcpartpicker.com/product/3Bnypg/lexar-nm620-1-tb-m2-2280-pcie-30-x4-nvme-solid-state-drive-lnm620x001t-rnnnu,NVME,1000
storage,ADATA Legend 960 1 TB M.2-2280 PCIe 4.0 X4 NVME Solid State Drive (ALEG-960-1TCS),https://m.media-amazon.com/images/I/314wBvwCrlL.jpg,https://pcpartpicker.com/product/FT8bt6/adata-legend-960-1-tb-m2-2280-pcie-40-x4-nvme-solid-state-drive-aleg-960-1tcs,NVME,1000
storage,Crucial MX500 1 TB M.2-2280 SATA Solid State Drive (CT1000MX500SSD4),https://cdna.pcpartpicker.com/static/forever/images/product/eca1a45c48840cfd37fd506276cda872.256p.jpg,https://pcpartpicker.com/product/4Qw7YJ/crucial-mx500-1tb-m2-2280-solid-state-drive-ct1000mx500ssd4,NVME,1000
storage,ADATA LEGEND 850 LITE 1 TB M.2-2280 PCIe 4.0 X4 NVME Solid State Drive (ALEG-850L-1000GCS),https://m.media-amazon.com/images/I/31-mmDK5YJL.jpg,https://pcpartpicker.com/product/GYJp99/adata-legend-850-lite-1-tb-m2-2280-pcie-40-x4-nvme-solid-state-drive-aleg-850l-1000gcs,NVME,1000
storage,Corsair MP600 PRO LPX 1 TB M.2-2280 PCIe 4.0 X4 NVME Solid State Drive (CSSD-F1000GBMP600PLPW),https://cdna.pcpartpicker.com/static/forever/images/product/683558d76ff8c4a769635cf305fc9c4c.256p.jpg,https://pcpartpicker.com/product/CxYRsY/corsair-mp600-pro-lpx-1-tb-m2-2280-pcie-40-x4-nvme-solid-state-drive-cssd-f1000gbmp600plpw,NVME,1000
storage,HP EX900 1 TB M.2-2280 PCIe 3.0 X4 NVME Solid State Drive (5XM46AA#ABC),https://cdna.pcpartpicker.com/static/forever/images/product/fba9b435d31dfb71a6ea13d4aa6854b6.256p.jpg,https://pcpartpicker.com/product/sDBTwP/hp-ex900-1-tb-m2-2280-nvme-solid-state-drive-5xm46aaabc,NVME,1000
storage,MSI SPATIUM M390 1 TB M.2-2280 PCIe 3.0 X4 NVME Solid State Drive (SM390N1TB),https://cdna.pcpartpicker.com/static/forever/images/product/3293cf34b7c1af342cbef859d4295f95.256p.jpg,https://pcpartpicker.com/product/CtBG3C/msi-spatium-m390-1-tb-m2-2280-nvme-solid-state-drive-sm390n1tb,NVME,1000
storage,ADATA XPG SX6000 Pro 1 TB M.2-2280 PCIe 3.0 X4 NVME Solid State Drive (ASX6000PNP-1TT-C),https://cdna.pcpartpicker.com/static/forever/images/product/26d88cb160f4692e5d14c156f67afa52.256p.jpg,https://pcpartpicker.com/product/mr8j4D/adata-xpg-sx6000-pro-1-tb-m2-2280-solid-state-drive-asx6000pnp-1tt-c,NVME,1000
storage,MSI SPATIUM M480 HS 1 TB M.2-2280 PCIe 4.0 X4 NVME Solid State Drive (S78-440L430-P83),https://m.media-amazon.com/images/I/41IWMsYV4+L.jpg,https://pcpartpicker.com/product/8Ynypg/msi-spatium-m480-hs-1-tb-m2-2280-pcie-40-x4-nvme-solid-state-drive-s78-440l430-p83,NVME,1000
storage,Inland Prime 1 TB M.2-2280 PCIe 3.0 X4 NVME Solid State Drive (618996741953),https://m.media-amazon.com/images/I/41v381xVyXL.jpg,https://pcpartpicker.com/product/hz4Ycf/inland-prime-1-tb-m2-2280-nvme-solid-state-drive-618996741953,NVME,1000
storage,Silicon Power UD80 1 TB M.2-2280 PCIe 3.0 X4 NVME Solid State Drive (SP01KGBP34UD8005),https://cdna.pcpartpicker.com/static/forever/images/product/89609e2e62c4e718cc56f9ed345695c0.256p.jpg,https://pcpartpicker.com/product/LxpzK8/silicon-power-ud80-1-tb-m2-2280-nvme-solid-state-drive-sp01kgbp34ud8005,NVME,1000
storage,ADATA XPG SPECTRIX S20G 1 TB M.2-2280 PCIe 3.0 X4 NVME Solid State Drive (ASPECTRIXS20G-1T-C),https://cdna.pcpartpicker.com/static/forever/images/product/72b819ee11d2566cc8e1c02cda33fa10.256p.jpg,https://pcpartpicker.com/product/J6ytt6/adata-xpg-spectrix-s20g-1-tb-m2-2280-nvme-solid-state-drive-aspectrixs20g-1t-c,NVME,1000
storage,Inland Platinum 1 TB M.2-2280 PCIe 3.0 X4 NVME Solid State Drive (1TB NVME QLC V2),https://m.media-amazon.com/images/I/41j6hXqWHIL.jpg,https://pcpartpicker.com/product/rGvqqs/inland-platinum-1-tb-m2-2280-nvme-solid-state-drive-1tb-nvme-qlc-v2,NVME,1000
storage,ADATA LEGEND 700 1 TB M.2-2280 PCIe 3.0 X4 NVME Solid State Drive (ALEG-700-1TCS),https://cdna.pcpartpicker.com/static/forever/images/product/d0af3e3d404b37c61ad0ef3a6720c869.256p.jpg,https://pcpartpicker.com/product/yjt9TW/adata-legend-700-1-tb-m2-2280-pcie-30-x4-nvme-solid-state-drive-aleg-700-1tcs,NVME,1000
storage,Seagate BarraCuda 510 1 TB M.2-2280 PCIe 3.0 X4 NVME Solid State Drive (ZP1000CM3A001),https://cdna.pcpartpicker.com/static/forever/images/product/807f972fa748821c508dcc9f1086c654.256p.jpg,https://pcpartpicker.com/product/fW9tt6/seagate-barracuda-510-1-tb-m2-2280-nvme-solid-state-drive-zp1000cm3a001,NVME,1000
storage,Corsair MP400 1 TB M.2-2280 PCIe 3.0 X4 NVME Solid State Drive (CSSD-F1000GBMP400),https://cdna.pcpartpicker.com/static/forever/images/product/241e41e2359d93a4bf0df05de6255a65.256p.jpg,https://pcpartpicker.com/product/PrkgXL/corsair-mp400-1-tb-m2-2280-nvme-solid-state-drive-cssd-f1000gbmp400,NVME,1000
storage,Corsair MP600 PRO 1 TB M.2-2280 PCIe 4.0 X4 NVME Solid State Drive (CSSD-F1000GBMP600PRO),https://cdna.pcpartpicker.com/static/forever/images/product/0f92e5491db1cf71dc84aedec200ab4a.256p.jpg,https://pcpartpicker.com/product/9txbt6/corsair-mp600-pro-1-tb-m2-2280-nvme-solid-state-drive-cssd-f1000gbmp600pro,NVME,1000
storage,Mushkin Vortex Redline 1 TB M.2-2280 PCIe 4.0 X4 NVME Solid State Drive (MKNSSDVT1TB-D8),https://cdna.pcpartpicker.com/static/forever/images/product/5bb278af752a8e7b7ff95b5275727d9e.256p.jpg,https://pcpartpicker.com/product/tVvdnQ/mushkin-vortex-redline-1-tb-m2-2280-nvme-solid-state-drive-mknssdvt1tbd8,NVME,1000
storage,Samsung PM981 1 TB M.2-2280 PCIe 3.0 X4 NVME Solid State Drive (MZVLB1T0HALR-00000),https://cdna.pcpartpicker.com/static/forever/images/product/3cf7ab7c66a868323d5b51c4106d9944.256p.jpg,https://pcpartpicker.com/product/Mrkj4D/samsung-pm981-1-tb-m2-2280-solid-state-drive-mzvlb1t0halr-00000,NVME,1000
storage,ADATA Legend 850 1 TB M.2-2280 PCIe 4.0 X4 NVME Solid State Drive (ALEG-850-1TCS),https://cdna.pcpartpicker.com/static/forever/images/product/c4b9b5441b9b40f6e64e35ef72004899.256p.jpg,https://pcpartpicker.com/product/rcwypg/adata-legend-850-1-tb-m2-2280-nvme-solid-state-drive-aleg-850-1tcs,NVME,1000
storage,ADATA Swordfish 1 TB M.2-2280 PCIe 3.0 X4 NVME Solid State Drive (ASWORDFISH-1T-C),https://cdna.pcpartpicker.com/static/forever/images/product/71f94b1ed48fffe3546851f9824eff19.256p.jpg,https://pcpartpicker.com/product/y43mP6/adata-swordfish-1-tb-m2-2280-nvme-solid-state-drive-aswordfish-1t-c,NVME,1000
storage,ADATA LEGEND 960 MAX 1 TB M.2-2280 PCIe 4.0 X4 NVME Solid State Drive (ALEG-960M-1TCS),https://cdna.pcpartpicker.com/static/forever/images/product/a90a67816caf9b4d6bd4dc23ed17adc1.256p.jpg,https://pcpartpicker.com/product/fcfxFT/adata-legend-960-max-1-tb-m2-2280-pcie-40-x4-nvme-solid-state-drive-aleg-960m-1tcs,NVME,1000
storage,Klevv CRAS C710 1 TB M.2-2280 PCIe 3.0 X4 NVME Solid State Drive (K01TBM2SP0-C71),https://m.media-amazon.com/images/I/31ejalpJXpL.jpg,https://pcpartpicker.com/product/nJwypg/klevv-cras-c710-1-tb-m2-2280-nvme-solid-state-drive-k01tbm2sp0-c71,NVME,1000
storage,Kingston KC2500 1 TB M.2-2280 PCIe 3.0 X4 NVME Solid State Drive (SKC2500M8/1000G),https://cdna.pcpartpicker.com/static/forever/images/product/34093a1965a0bef4adc05140a7e9ab1d.256p.jpg,https://pcpartpicker.com/product/D3Dkcf/kingston-kc2500-1-tb-m2-2280-nvme-solid-state-drive-skc2500m81000g,NVME,1000
storage,TEAMGROUP T-Create Classic 1 TB M.2-2280 PCIe 3.0 X4 NVME Solid State Drive (TM8FPE001T0C611),https://cdna.pcpartpicker.com/static/forever/images/product/1be90564f542f5c92986ae57c3947d07.256p.jpg,https://pcpartpicker.com/product/gpH7YJ/teamgroup-t-create-classic-1-tb-m2-2280-nvme-solid-state-drive-tm8fpe001t0c611,NVME,1000
storage,Gigabyte AORUS Gen4 5000E 1 TB M.2-2280 PCIe 4.0 X4 NVME Solid State Drive (AG450E1TB-G),https://cdna.pcpartpicker.com/static/forever/images/product/e743e1173aa330e65db2f580110746b9.256p.jpg,https://pcpartpicker.com/product/dgsV3C/gigabyte-aorus-gen4-5000e-1-tb-m2-2280-pcie-40-x4-nvme-solid-state-drive-ag450e1tb-g,NVME,1000
storage,MSI SPATIUM M370 1 TB M.2-2280 PCIe 3.0 X4 NVME Solid State Drive (SM370N1TB),https://cdna.pcpartpicker.com/static/forever/images/product/fb36d9f6aa2d22175fc60ecb84ca1bd2.256p.jpg,https://pcpartpicker.com/product/yLBG3C/msi-spatium-m370-1-tb-m2-2280-nvme-solid-state-drive-sm370n1tb,NVME,1000
storage,Gigabyte GP-GSM2NE3100TNTD 1 TB M.2-2280 PCIe 3.0 X4 NVME Solid State Drive (GP-GSM2NE3100TNTD),https://cdna.pcpartpicker.com/static/forever/images/product/a7ef10c9ae70b5492693ca267108e86c.256p.jpg,https://pcpartpicker.com/product/nKDkcf/gigabyte-gp-gsm2ne3100tntd-1-tb-m2-2280-nvme-solid-state-drive-gp-gsm2ne3100tntd,NVME,1000
storage,Sabrent Rocket 1 TB M.2-2242 PCIe 3.0 X4 NVME Solid State Drive (SB-1342-1TB),https://cdna.pcpartpicker.com/static/forever/images/product/124ba240bbd11a5cdc73b266dc770d5f.256p.jpg,https://pcpartpicker.com/product/ZhkWGX/sabrent-rocket-1-tb-m2-2242-nvme-solid-state-drive-sb-1342-1tb,NVME,1000
storage,PNY CS3140 1 TB M.2-2280 PCIe 4.0 X4 NVME Solid State Drive (M280CS3140-1TB-RB),https://cdna.pcpartpicker.com/static/forever/images/product/ae363212960ec9fd96680f4355bbc61a.256p.jpg,https://pcpartpicker.com/product/YfD7YJ/pny-cs3140-1-tb-m2-2280-nvme-solid-state-drive-m280cs3140-1tb-rb,NVME,1000
storage,ADATA XPG GAMMIX S7 1 TB M.2-2280 PCIe 3.0 X4 NVME Solid State Drive (AGAMMIXS7-1TT-C),https://m.media-amazon.com/images/I/31zWfoPyqvL.jpg,https://pcpartpicker.com/product/nJCFf7/adata-xpg-gammix-s7-1-tb-m2-2280-nvme-solid-state-drive-agammixs7-1tt-c,NVME,1000
storage,Acer FA100 1 TB M.2-2280 PCIe 3.0 X4 NVME Solid State Drive (BL.9BWWA.120),https://cdna.pcpartpicker.com/static/forever/images/product/ddaf293c4d94cbbdd7ac8d5dd8479c22.256p.jpg,https://pcpartpicker.com/product/HmrRsY/acer-fa100-1-tb-m2-2280-nvme-solid-state-drive-bl9bwwa120,NVME,1000
storage,Lexar NM760 1 TB M.2-2280 PCIe 4.0 X4 NVME Solid State Drive (LNM760X001T-RNNNG),https://m.media-amazon.com/images/I/31++JXj74YL.jpg,https://pcpartpicker.com/product/YcbRsY/lexar-nm760-1-tb-m2-2280-pcie-40-x4-nvme-solid-state-drive-lnm760x001t-rnnng,NVME,1000
storage,Western Digital WDS100T1XHE w/Heatsink 1 TB M.2-2280 PCIe 4.0 X4 NVME Solid State Drive (WDS100T1XHE),https://cdna.pcpartpicker.com/static/forever/images/product/82ae03f2b4a2b03e374b05d0a64774c7.256p.jpg,https://pcpartpicker.com/product/PwNgXL/western-digital-black-sn850-1-tb-m2-2280-nvme-solid-state-drive-wds100t1xhe,NVME,1000
storage,Intel 600p 1 TB M.2-2280 PCIe 3.0 X4 NVME Solid State Drive (SSDPEKKW010T7X1),https://cdna.pcpartpicker.com/static/forever/images/product/149bcca09358e0b29db82a44eaf58d13.256p.jpg,https://pcpartpicker.com/product/DwgPxr/intel-600p-series-1tb-m2-2260-solid-state-drive-ssdpekkw010t7x1,NVME,1000
storage,Samsung 960 Pro 1 TB M.2-2280 PCIe 3.0 X4 NVME Solid State Drive (MZ-V6P1T0BW),https://cdna.pcpartpicker.com/static/forever/images/product/6698238e6e06e0300218ab78a5eaf621.256p.jpg,https://pcpartpicker.com/product/C3mxFT/samsung-960-pro-10tb-m2-2280-solid-state-drive-mz-v6p1t0bw,NVME,1000
storage,PNY CS2241 1 TB M.2-2280 PCIe 4.0 X4 NVME Solid State Drive (M280CS2241-1TB-CL),https://cdna.pcpartpicker.com/static/forever/images/product/3fc0cebea011952b5ccdfcf28c99b221.256p.jpg,https://pcpartpicker.com/product/6gsV3C/pny-cs2241-1-tb-m2-2280-pcie-40-x4-nvme-solid-state-drive-m280cs2241-1tb-cl,NVME,1000
storage,Western Digital Blue SN580 1 TB M.2-2280 PCIe 4.0 X4 NVME Solid State Drive (WDS100T3B0E),https://cdna.pcpartpicker.com/static/forever/images/product/f3d3390c0b08de6bbdfecbac012c639b.256p.jpg,https://pcpartpicker.com/product/rqhv6h/western-digital-blue-sn580-1-tb-m2-2280-pcie-40-x4-nvme-solid-state-drive-wds100t3b0e,NVME,1000
storage,Patriot Viper VPR400 RGB 1 TB M.2-2280 PCIe 4.0 X4 NVME Solid State Drive (VPR400-1TBM28H),https://cdna.pcpartpicker.com/static/forever/images/product/4164a2eaa067b047957d0d00e0cf07b0.256p.jpg,https://pcpartpicker.com/product/KL3gXL/patriot-viper-vpr400-rgb-1-tb-m2-2280-nvme-solid-state-drive-vpr400-1tbm28h,NVME,1000
storage,Western Digital Black SN750 1 TB M.2-2280 PCIe 3.0 X4 NVME Solid State Drive (WDS100T3XHC),https://cdna.pcpartpicker.com/static/forever/images/product/1b8dfbf3066b1887a595ab45940a47d7.256p.jpg,https://pcpartpicker.com/product/R37v6h/western-digital-wd_black-sn750-1-tb-m2-2280-nvme-solid-state-drive-wds100t3xhc,NVME,1000
storage,Silicon Power A55 1 TB M.2-2280 SATA Solid State Drive (SU001TBSS3A55M28AB),https://m.media-amazon.com/images/I/41dbGyOFhAL.jpg,https://pcpartpicker.com/product/H8xRsY/silicon-power-a55-1-tb-m2-2280-solid-state-drive-su001tbss3a55m28ab,NVME,1000
storage,HP FX900 Pro 1 TB M.2-2280 PCIe 4.0 X4 NVME Solid State Drive (4A3U0AA#ABB),https://cdna.pcpartpicker.com/static/forever/images/product/8ea5d1b856b5d8e98d6472e8da1609c5.256p.jpg,https://pcpartpicker.com/product/VhbTwP/hp-fx900-pro-1-tb-m2-2280-nvme-solid-state-drive-4a3u0aaabb,NVME,1000
storage,PNY XLR8 CS3030 1 TB M.2-2280 PCIe 3.0 X4 NVME Solid State Drive (M280CS3030-1TB-RB),https://cdna.pcpartpicker.com/static/forever/images/product/a8a23703b2021a75e31ca15ce00b9102.256p.jpg,https://pcpartpicker.com/product/rwcRsY/pny-xlr8-cs3030-1-tb-m2-2280-nvme-solid-state-drive-m280cs3030-1tb-rb,NVME,1000
storage,SanDisk Ultra 1 TB M.2-2280 PCIe 3.0 X4 NVME Solid State Drive (SDSSDH3N-1T00-G25),https://upload.wikimedia.org/wikipedia/commons/thumb/a/ac/No_image_available.svg/256px-No_image_available.jpg,https://pcpartpicker.com/product/YzvdnQ/sandisk-ultra-1-tb-m2-2280-nvme-solid-state-drive-sdssdh3n-1t00-g25,NVME,1000
storage,Western Digital Red 1 TB M.2-2280 PCIe 3.0 X4 NVME Solid State Drive (WDS100T1R0C),https://cdna.pcpartpicker.com/static/forever/images/product/11cc9655e2f308727f4575db6dfed825.256p.jpg,https://pcpartpicker.com/product/VtNxFT/western-digital-wd-red-sn700-1-tb-m2-2280-nvme-solid-state-drive-wds100t1r0c,NVME,1000
storage,Netac NV3000 1 TB M.2-2280 PCIe 3.0 X4 NVME Solid State Drive (NT01NV3000-1T0-E4X),https://m.media-amazon.com/images/I/41sIqq-LdIL.jpg,https://pcpartpicker.com/product/yZfxFT/netac-nv3000-1-tb-m2-2280-pcie-30-x4-nvme-solid-state-drive-nt01nv3000-1t0-e4x,NVME,1000
storage,MSI SPATIUM M480 PRO 1 TB M.2-2280 PCIe 4.0 X4 NVME Solid State Drive (S78-440L1G0-P83),https://m.media-amazon.com/images/I/31lCFXBNlyL.jpg,https://pcpartpicker.com/product/xVDQzy/msi-spatium-m480-pro-1-tb-m2-2280-pcie-40-x4-nvme-solid-state-drive-s78-440l1g0-p83,NVME,1000
storage,Lexar NM610 1 TB M.2-2280 PCIe 3.0 X4 NVME Solid State Drive (LNM610-1TRBNA),https://m.media-amazon.com/images/I/41ubICQ9i9L.jpg,https://pcpartpicker.com/product/brWBD3/lexar-nm610-1-tb-m2-2280-nvme-solid-state-drive-lnm610-1trbna,NVME,1000
storage,SanDisk EXTREME PRO 1 TB M.2-2280 PCIe 3.0 X4 NVME Solid State Drive (SDSSDXPM2-1T00-G25),https://cdna.pcpartpicker.com/static/forever/images/product/af2514f1a0e5a9351a6f4bb15f48c317.256p.jpg,https://pcpartpicker.com/product/4YRzK8/sandisk-extreme-pro-1tb-m2-2280-solid-state-drive-sdssdxpm2-1t00-g25,NVME,1000
storage,KingSpec NX-2280 1 TB M.2-2280 PCIe 3.0 X4 NVME Solid State Drive (NX-2280-1TB),https://m.media-amazon.com/images/I/410EpLy+96L.jpg,https://pcpartpicker.com/product/WCTp99/kingspec-nx-2280-1-tb-m2-2280-nvme-solid-state-drive-nx-2280-1tb,NVME,1000
storage,Sabrent Rocket 4.0 1 TB M.2-2230 PCIe 4.0 X4 NVME Solid State Drive (SB-2130-1TB),https://m.media-amazon.com/images/I/41rcTPqpxQL.jpg,https://pcpartpicker.com/product/9ypQzy/sabrent-rocket-40-1-tb-m2-2230-pcie-40-x4-nvme-solid-state-drive-sb-2130-1tb,NVME,1000
storage,Inland 1TB Performance 1 TB M.2-2280 PCIe 4.0 X4 NVME Solid State Drive (1TB NVME PERFRM),https://m.media-amazon.com/images/I/314PYctRIXL.jpg,https://pcpartpicker.com/product/tGJmP6/inland-performance-1-tb-m2-2280-nvme-solid-state-drive-1tb-nvme-perfrm,NVME,1000
storage,Corsair MP600 CORE 1 TB M.2-2280 PCIe 4.0 X4 NVME Solid State Drive (CSSD-F1000GBMP600COR),https://cdna.pcpartpicker.com/static/forever/images/product/4dfe9f402d344d460b4917dc638087d7.256p.jpg,https://pcpartpicker.com/product/RgTzK8/corsair-mp600-core-1-tb-m2-2280-nvme-solid-state-drive-cssd-f1000gbmp600cor,NVME,1000
storage,TEAMGROUP Cardea A440 1 TB M.2-2280 PCIe 4.0 X4 NVME Solid State Drive (TM8FPZ001T0C327),https://m.media-amazon.com/images/I/41UpzwvzCeL.jpg,https://pcpartpicker.com/product/bpBG3C/team-cardea-a440-1-tb-m2-2280-nvme-solid-state-drive-tm8fpz001t0c327,NVME,1000
storage,Corsair MP400 1 TB M.2-2280 PCIe 3.0 X4 NVME Solid State Drive (CSSD-F1000GBMP400R2),https://m.media-amazon.com/images/I/41+DrIAYHRL.jpg,https://pcpartpicker.com/product/HJwypg/corsair-mp400-1-tb-m2-2280-nvme-solid-state-drive-cssd-f1000gbmp400r2,NVME,1000
storage,Seagate FireCuda 510 1 TB M.2-2280 PCIe 3.0 X4 NVME Solid State Drive (ZP1000GM3A011),https://cdna.pcpartpicker.com/static/forever/images/product/a7275ed45b4e597de779768125705413.256p.jpg,https://pcpartpicker.com/product/xdfnTW/seagate-firecuda-510-1-tb-m2-2280-nvme-solid-state-drive-zp1000gm3a011,NVME,1000
storage,PNY XLR8 CS3140 w/Heatsink 1 TB M.2-2280 PCIe 4.0 X4 NVME Solid State Drive (M280CS3140HS-1TB-RB),https://cdna.pcpartpicker.com/static/forever/images/product/ad677b5ac27e4e20d4b848ed35356a7c.256p.jpg,https://pcpartpicker.com/product/htKKHx/pny-xlr8-cs3140-heatsink-1-tb-m2-2280-nvme-solid-state-drive-m280cs3140hs-1tb-rb,NVME,1000
storage,Mushkin Tempest 1 TB M.2-2280 PCIe 3.0 X4 NVME Solid State Drive (MKNSSDTS1TB-D8),https://cdna.pcpartpicker.com/static/forever/images/product/59b004f379523ea791a2f8fb11012413.256p.jpg,https://pcpartpicker.com/product/BnZ9TW/mushkin-tempest-1-tb-m2-2280-pcie-30-x4-nvme-solid-state-drive-mknssdts1tb-d8,NVME,1000
storage,Sabrent Rocket 4.0 HTSK 1 TB M.2-2280 PCIe 4.0 X4 NVME Solid State Drive (SB-ROCKET-NVMe4-HTSK-1TB),https://cdna.pcpartpicker.com/static/forever/images/product/0f99bbaa1ff6e18bdf5decba887af4f7.256p.jpg,https://pcpartpicker.com/product/NsJmP6/sabrent-rocket-htsk-40-1-tb-m2-2280-solid-state-drive-sb-rocket-nvme4-htsk-1tb,NVME,1000
storage,ADATA Premium For PS5 1 TB M.2-2280 PCIe 4.0 X4 NVME Solid State Drive (APSFG-1T-CSUS),https://cdna.pcpartpicker.com/static/forever/images/product/a5e1830d17e9e0719ebf1f57f8dc1904.256p.jpg,https://pcpartpicker.com/product/kXzhP6/adata-premium-for-ps5-1-tb-m2-2280-nvme-solid-state-drive-apsfg-1t-csus,NVME,1000
storage,Patriot Viper VP4300 1 TB M.2-2280 PCIe 4.0 X4 NVME Solid State Drive (VP4300-1TBM28H),https://cdna.pcpartpicker.com/static/forever/images/product/74d023c63f24ffb3e16cdba3edc78479.256p.jpg,https://pcpartpicker.com/product/8z7G3C/patriot-viper-vp4300-1-tb-m2-2280-nvme-solid-state-drive-vp4300-1tbm28h,NVME,1000
storage,HP EX950 1 TB M.2-2280 PCIe 3.0 X4 NVME Solid State Drive (5MS23AA#ABC),https://cdna.pcpartpicker.com/static/forever/images/product/6a8eb21b12de9fe048b0edabc775b66a.256p.jpg,https://pcpartpicker.com/product/PyhKHx/hp-ex950-1-tb-m2-2280-solid-state-drive-5ms23aaabc,NVME,1000
storage,Micron 3400 1 TB M.2-2280 PCIe 4.0 X4 NVME Solid State Drive (MTFDKBA1T0TFH1BC1AABYY),https://m.media-amazon.com/images/I/31B4bj7PfvL.jpg,https://pcpartpicker.com/product/6DGbt6/micron-3400-1-tb-m2-2280-pcie-40-x4-nvme-solid-state-drive-mtfdkba1t0tfh1bc1aabyy,NVME,1000
storage,Lexar Professional NM800PRO w/Heatsink 1 TB M.2-2280 PCIe 4.0 X4 NVME Solid State Drive (LNM800P001T-RN8NG),https://cdna.pcpartpicker.com/static/forever/images/product/efd188b8bf6db9f576ffa8af7364e1bf.256p.jpg,https://pcpartpicker.com/product/Jg2WGX/lexar-professional-nm800pro-wheatsink-1-tb-m2-2280-pcie-40-x4-nvme-solid-state-drive-lnm800p001t-rn8ng,NVME,1000
storage,Corsair MP600 MINI 1 TB M.2-2230 PCIe 4.0 X4 NVME Solid State Drive (CSSD-F1000GBMP600MN),https://cdna.pcpartpicker.com/static/forever/images/product/08aa48e5ff8e523ef3e0fdfa97d67208.256p.jpg,https://pcpartpicker.com/product/y2V2FT/corsair-mp600-mini-1-tb-m2-2230-pcie-40-x4-nvme-solid-state-drive-cssd-f1000gbmp600mn,NVME,1000
storage,TEAMGROUP MP44 1 TB M.2-2280 PCIe 4.0 X4 NVME Solid State Drive (TM8FPW001T0C101),https://cdna.pcpartpicker.com/static/forever/images/product/13180f3eb7f513cd86ba80925235bf1b.256p.jpg,https://pcpartpicker.com/product/wXkH99/teamgroup-mp44-1-tb-m2-2280-pcie-40-x4-nvme-solid-state-drive-tm8fpw001t0c101,NVME,1000
storage,TEAMGROUP T-Force Cardea A440 Pro 1 TB M.2-2280 PCIe 4.0 X4 NVME Solid State Drive (TM8FPR001T0C128),https://m.media-amazon.com/images/I/41n9EI38ZXL.jpg,https://pcpartpicker.com/product/WRmmP6/teamgroup-t-force-cardea-a440-pro-1-tb-m2-2280-nvme-solid-state-drive-tm8fpr001t0c128,NVME,1000
storage,Silicon Power US70 1 TB M.2-2280 PCIe 4.0 X4 NVME Solid State Drive (SP01KGBP44US7005),https://cdna.pcpartpicker.com/static/forever/images/product/ca3b048896ac8c03e0b12692c1708e20.256p.jpg,https://pcpartpicker.com/product/MhQfrH/silicon-power-us70-1-tb-m2-2280-nvme-solid-state-drive-sp01kgbp44us7005,NVME,1000
storage,Neo Forza eSports 1 TB M.2-2280 PCIe 3.0 X4 NVME Solid State Drive (NFP075PCI1T-3400200),https://cdna.pcpartpicker.com/static/forever/images/product/0aa2223e8cfeb01ad187b0273949f1ab.256p.jpg,https://pcpartpicker.com/product/xdD7YJ/neo-forza-esports-1-tb-m2-2280-nvme-solid-state-drive-nfp075pci1t-3400200,NVME,1000
storage,Patriot P400 1 TB M.2-2280 PCIe 4.0 X4 NVME Solid State Drive (P400P1TBM28H),https://cdna.pcpartpicker.com/static/forever/images/product/11055b44ee3de6b21acdd5d262542f81.256p.jpg,https://pcpartpicker.com/product/pRytt6/patriot-p400-1-tb-m2-2280-nvme-solid-state-drive-p400p1tbm28h,NVME,1000
storage,MSI SPATIUM M570 HS 1 TB M.2-2280 PCIe 5.0 X4 NVME Solid State Drive (SM570N1TBH),https://upload.wikimedia.org/wikipedia/commons/thumb/a/ac/No_image_available.svg/256px-No_image_available.jpg,https://pcpartpicker.com/product/czP8TW/msi-spatium-m570-hs-1-tb-m2-2280-pcie-50-x4-nvme-solid-state-drive-sm570n1tbh,NVME,1000
storage,Western Digital Black SN750 Rev2 1 TB M.2-2280 PCIe 3.0 X4 NVME Solid State Drive (WDBRPG0010BNC-WRSN),https://m.media-amazon.com/images/I/31m12Mr913L.jpg,https://pcpartpicker.com/product/JfC48d/western-digital-wd_black-sn750-rev2-1-tb-m2-2280-nvme-solid-state-drive-wdbrpg0010bnc-wrsn,NVME,1000
storage,Mushkin Pilot-E 1 TB M.2-2280 PCIe 3.0 X4 NVME Solid State Drive (MKNSSDPE1TB-D8),https://cdna.pcpartpicker.com/static/forever/images/product/fe3034d43ec3cd0b997ffdfeae2b1cb8.256p.jpg,https://pcpartpicker.com/product/JHxbt6/mushkin-pilot-e-1-tb-m2-2280-nvme-solid-state-drive-mknssdpe1tb-d8,NVME,1000
storage,ADATA XPG SX8100 1 TB M.2-2280 PCIe 3.0 X4 NVME Solid State Drive (ASX8100NP-1TT-C),https://m.media-amazon.com/images/I/41i2gbE+JXS.jpg,https://pcpartpicker.com/product/3n2bt6/adata-xpg-sx8100-1-tb-m2-2280-nvme-solid-state-drive-asx8100np-1tt-c,NVME,1000
storage,Micron 2400 1 TB M.2-2230 PCIe 4.0 X4 NVME Solid State Drive (MTFDKBK1T0QFM-1BD1AABYYR),https://cdna.pcpartpicker.com/static/forever/images/product/ccaf68f658a1d2c75794a7db08c97461.256p.jpg,https://pcpartpicker.com/product/Tv3NnQ/micron-2400-1-tb-m2-2230-pcie-40-x4-nvme-solid-state-drive-mtfdkbk1t0qfm-1bd1aabyyr,NVME,1000
storage,Transcend 250S 1 TB M.2-2280 PCIe 4.0 X4 NVME Solid State Drive (TS1TMTE250S),https://m.media-amazon.com/images/I/31ptqw8CCQL.jpg,https://pcpartpicker.com/product/xfmNnQ/transcend-250s-1-tb-m2-2280-pcie-40-x4-nvme-solid-state-drive-ts1tmte250s,NVME,1000
storage,Acer Predator GM3500 1 TB M.2-2280 PCIe 3.0 X4 NVME Solid State Drive (BL.9BWWR.102),https://cdna.pcpartpicker.com/static/forever/images/product/d3ef9fbe83f8fcb1f2f863dffa26e85e.256p.jpg,https://pcpartpicker.com/product/NrPQzy/acer-predator-gm3500-1-tb-m2-2280-nvme-solid-state-drive-bl9bwwr102,NVME,1000
storage,KIOXIA EXCERIA PRO 1 TB M.2-2280 PCIe 4.0 X4 NVME Solid State Drive (LSE10Z001TG8),https://cdna.pcpartpicker.com/static/forever/images/product/ca89917e8f088c3ababd47c0a1e2c5f3.256p.jpg,https://pcpartpicker.com/product/92ytt6/kioxia-exceria-pro-1-tb-m2-2280-nvme-solid-state-drive-lse10z001tg8,NVME,1000
storage,Apacer AS2280P4 1 TB M.2-2280 PCIe 3.0 X4 NVME Solid State Drive (AP1TBAS2280P4-1),https://m.media-amazon.com/images/I/41XL9gqzaEL.jpg,https://pcpartpicker.com/product/2TBG3C/apacer-as2280p4-1-tb-m2-2280-nvme-solid-state-drive-ap1tbas2280p4-1,NVME,1000
storage,Western Digital Blue 1 TB M.2-2280 SATA Solid State Drive (WDS100T1B0B),https://cdna.pcpartpicker.com/static/forever/images/product/19c8549bba9ccd35fe5852f8f618cbd9.256p.jpg,https://pcpartpicker.com/product/CDKhP6/western-digital-blue-1tb-m2-2280-solid-state-drive-wds100t1b0b,NVME,1000
storage,ADATA Legend 750 1 TB M.2-2280 PCIe 3.0 X4 NVME Solid State Drive (ALEG-750-1TCS),https://cdna.pcpartpicker.com/static/forever/images/product/c3c5e740dd8cd9d18086a27cc6225335.256p.jpg,https://pcpartpicker.com/product/zZpzK8/adata-legend-750-1-tb-m2-2280-nvme-solid-state-drive-aleg-750-1tcs,NVME,1000
storage,Patriot Viper VPN110 1 TB M.2-2280 PCIe 3.0 X4 NVME Solid State Drive (VPN110-1TBM28H),https://cdna.pcpartpicker.com/static/forever/images/product/0446f4c2881b0797597ceb6dbd9f483d.256p.jpg,https://pcpartpicker.com/product/ghZ9TW/patriot-viper-vpn110-1-tb-m2-2280-nvme-solid-state-drive-vpn110-1tbm28h,NVME,1000
storage,Samsung 850 Evo 1 TB M.2-2280 SATA Solid State Drive (MZ-N5E1T0BW),https://cdna.pcpartpicker.com/static/forever/images/product/3f1f99b2e9d48c44353b0c189138d01b.256p.jpg,https://pcpartpicker.com/product/BL98TW/samsung-850-evo-1tb-m2-2280-solid-state-drive-mz-n5e1t0bw,NVME,1000
storage,Western Digital Blue SN550 1 TB M.2-2280 PCIe 3.0 X4 NVME Solid State Drive (WDBA3V0010BNC-WRSN),https://cdna.pcpartpicker.com/static/forever/images/product/27d878125194f073897a7f316ca9ca6a.256p.jpg,https://pcpartpicker.com/product/BzTp99/western-digital-blue-sn550-1-tb-m2-2280-nvme-solid-state-drive-wdba3v0010bnc-wrsn,NVME,1000
storage,Inland Professional 1 TB M.2-2280 PCIe 3.0 X2 NVME Solid State Drive (1TB NVME PRO),https://m.media-amazon.com/images/I/41wSoGkfkdL.jpg,https://pcpartpicker.com/product/YpfhP6/inland-professional-1-tb-m2-2280-solid-state-drive-1tb-nvme-pro,NVME,1000
storage,HP EX900 Plus 1 TB M.2-2280 PCIe 3.0 X4 NVME Solid State Drive (35M34AA#ABA),https://m.media-amazon.com/images/I/41wMgDh5vuL.jpg,https://pcpartpicker.com/product/KYkWGX/hp-ex900-plus-1-tb-m2-2280-pcie-30-x4-nvme-solid-state-drive-35m34aaaba,NVME,1000
storage,Western Digital Black NVMe 1 TB M.2-2280 PCIe 3.0 X4 NVME Solid State Drive (WDS100T2X0C),https://cdna.pcpartpicker.com/static/forever/images/product/377618c68fd88c16bac661e1d335d00a.256p.jpg,https://pcpartpicker.com/product/2K22FT/western-digital-black-nvme-1tb-m2-2280-solid-state-drive-wds100t2x0c,NVME,1000
storage,Kingston KC2000 1 TB M.2-2280 PCIe 3.0 X4 NVME Solid State Drive (SKC2000M8/1000G),https://cdna.pcpartpicker.com/static/forever/images/product/820a5fc34269d4a88c72b95251b60308.256p.jpg,https://pcpartpicker.com/product/mJbCmG/kingston-kc2000-1-tb-m2-2280-nvme-solid-state-drive-skc2000m81000g,NVME,1000
storage,Klevv CRAS C920 1 TB M.2-2280 PCIe 4.0 X4 NVME Solid State Drive (K01TBM2SP0-C92),https://m.media-amazon.com/images/I/31uRd3nt0QS.jpg,https://pcpartpicker.com/product/rhfnTW/klevv-cras-c920-1-tb-m2-2280-nvme-solid-state-drive-k01tbm2sp0-c92,NVME,1000
storage,XPG SX6000 Lite 1 TB M.2-2280 PCIe 3.0 X4 NVME Solid State Drive (ASX6000LNP-1TT-C),https://cdna.pcpartpicker.com/static/forever/images/product/753164a895848b0ed155b49d02388a56.256p.jpg,https://pcpartpicker.com/product/3gdxFT/xpg-sx6000-lite-1-tb-m2-2280-solid-state-drive-asx6000lnp-1tt-c,NVME,1000
storage,ADATA XPG GAMMIX S5 1 TB M.2-2280 PCIe 3.0 X4 NVME Solid State Drive (AGAMMIXS5-1TT-C),https://cdna.pcpartpicker.com/static/forever/images/product/afca5903af5116fc3d3acb73b8a4dd07.256p.jpg,https://pcpartpicker.com/product/Bv8j4D/adata-xpg-gammix-s5-1-tb-m2-2280-solid-state-drive-agammixs5-1tt-c,NVME,1000
storage,SanDisk X600 1 TB M.2-2280 SATA Solid State Drive (SD9SN8W-1T00-1122),https://cdna.pcpartpicker.com/static/forever/images/product/42eef636363d54da6fd133bfe8f23c72.256p.jpg,https://pcpartpicker.com/product/pyYLrH/sandisk-x600-1-tb-m2-2280-solid-state-drive-sd9sn8w-1t00-1122,NVME,1000
storage,Netac NV7000 1 TB M.2-2280 PCIe 4.0 X4 NVME Solid State Drive (NT01NV7000-1T0-E4X),https://m.media-amazon.com/images/I/31mk-pNb+0L.jpg,https://pcpartpicker.com/product/XdmNnQ/netac-nv7000-1-tb-m2-2280-pcie-40-x4-nvme-solid-state-drive-nt01nv7000-1t0-e4x,NVME,1000
storage,Samsung PM961 1 TB M.2-2280 PCIe 3.0 X4 NVME Solid State Drive (MZVLW1T0HMLH-00000),https://cdna.pcpartpicker.com/static/forever/images/product/cfe1a492869e6d2cb7232b52dbdbfcf1.256p.jpg,https://pcpartpicker.com/product/27Crxr/samsung-pm961-256gb-m2-2280-solid-state-drive-mzvlw1t0hmlh-00000,NVME,1000
storage,Addlink S90 Lite 1 TB M.2-2280 PCIe 4.0 X4 NVME Solid State Drive (ad1TBS90LTM2P),https://m.media-amazon.com/images/I/41N0j1w0ZAL.jpg,https://pcpartpicker.com/product/BW4Zxr/addlink-s90-lite-1-tb-m2-2280-pcie-40-x4-nvme-solid-state-drive-ad1tbs90ltm2p,NVME,1000
storage,Transcend 220S 1 TB M.2-2280 PCIe 3.0 X4 NVME Solid State Drive (TS1TMTE220S),https://cdna.pcpartpicker.com/static/forever/images/product/d0d208ca06694fde2bdbe0fc17d20501.256p.jpg,https://pcpartpicker.com/product/Qx3mP6/transcend-220s-1-tb-m2-2280-nvme-solid-state-drive-ts1tmte220s,NVME,1000
storage,Western Digital PC SN730 1 TB M.2-2280 PCIe 3.0 X4 NVME Solid State Drive (SDBQNTY-1TOO),https://m.media-amazon.com/images/I/41FW8YsiQgL.jpg,https://pcpartpicker.com/product/jvytt6/western-digital-pc-sn730-1-tb-m2-2280-nvme-solid-state-drive-sdbqnty-1too,NVME,1000
storage,Intel 760p 1 TB M.2-2280 PCIe 3.0 X4 NVME Solid State Drive (SSDPEKKW010T8X1),https://cdna.pcpartpicker.com/static/forever/images/product/0b67e0dcfdf105e6e67f3a5a526effcc.256p.jpg,https://pcpartpicker.com/product/KVfhP6/intel-760p-series-1tb-m2-2280-solid-state-drive-ssdpekkw010t8x1,NVME,1000
storage,Western Digital Red SA500 1 TB M.2-2280 SATA Solid State Drive (WDS100T1R0B),https://m.media-amazon.com/images/I/3145YnrWQeL.jpg,https://pcpartpicker.com/product/qyWBD3/western-digital-red-sa500-1-tb-m2-2280-solid-state-drive-wds100t1r0b,NVME,1000
storage,HP FX900 1 TB M.2-2280 PCIe 4.0 X4 NVME Solid State Drive (57S53AA#ABB),https://m.media-amazon.com/images/I/41CpN9-A++L.jpg,https://pcpartpicker.com/product/RZNxFT/hp-fx900-1-tb-m2-2280-pcie-40-x4-nvme-solid-state-drive-57s53aaabb,NVME,1000
storage,Seagate Lightsaber Collection FireCuda 1 TB M.2-2280 PCIe 4.0 X4 NVME Solid State Drive (ZP1000GM3A053),https://cdna.pcpartpicker.com/static/forever/images/product/afccf3c7f0a1f0f11de3f2193b88f174.256p.jpg,https://pcpartpicker.com/product/Y3yH99/seagate-lightsaber-collection-firecuda-1-tb-m2-2280-pcie-40-x4-nvme-solid-state-drive-zp1000gm3a053,NVME,1000
storage,Sabrent Rocket 4.0 1 TB M.2-2280 PCIe 4.0 X4 NVME Solid State Drive (SB-NVMe4-HTSK-1TB),https://cdna.pcpartpicker.com/static/forever/images/product/414ebbbdeed2e87493706229ada81e35.256p.jpg,https://pcpartpicker.com/product/4xstt6/sabrent-rocket-40-1-tb-m2-2280-nvme-solid-state-drive-sb-nvme4-htsk-1tb,NVME,1000
storage,Addlink S68 1 TB M.2-2280 PCIe 3.0 X4 NVME Solid State Drive (ad1TBS68M2P),https://m.media-amazon.com/images/I/41zic0oz7VL.jpg,https://pcpartpicker.com/product/LVzhP6/addlink-s68-1-tb-m2-2280-nvme-solid-state-drive-ad1tbs68m2p,NVME,1000
storage,Inland Gaming Performance Plus 1 TB M.2-2280 PCIe 4.0 X4 NVME Solid State Drive (618996746248),https://m.media-amazon.com/images/I/31sRhU-Z6oL.jpg,https://pcpartpicker.com/product/rjddnQ/inland-gaming-performance-plus-1-tb-m2-2280-nvme-solid-state-drive-618996746248,NVME,1000
storage,XPG GAMMIX S10 1 TB M.2-2280 PCIe 3.0 X4 NVME Solid State Drive (ASX7000NPC-1TT-C),https://upload.wikimedia.org/wikipedia/commons/thumb/a/ac/No_image_available.svg/256px-No_image_available.jpg,https://pcpartpicker.com/product/rqm323/xpg-gammix-s10-1tb-m2-2280-solid-state-drive-asx7000npc-1tt-c,NVME,1000
storage,Gigabyte AORUS Gen4 7000s Premium 1 TB M.2-2280 PCIe 4.0 X4 NVME Solid State Drive (GP-AG70S1TB-P),https://m.media-amazon.com/images/I/41DP1e4eQrS.jpg,https://pcpartpicker.com/product/CcvdnQ/gigabyte-aorus-gen4-7000s-premium-1-tb-m2-2280-pcie-40-x4-nvme-solid-state-drive-gp-ag70s1tb-p,NVME,1000
storage,PNY CS2130 1 TB M.2-2280 PCIe 3.0 X4 NVME Solid State Drive (M280CS2130-1TB-RB),https://cdna.pcpartpicker.com/static/forever/images/product/90346f63f185db867fe9f5a2ed9433d9.256p.jpg,https://pcpartpicker.com/product/KpsnTW/pny-cs2130-1-tb-m2-2280-nvme-solid-state-drive-m280cs2130-1tb-rb,NVME,1000
storage,ADATA XPG GAMMIX S70 1 TB M.2-2280 PCIe 4.0 X4 NVME Solid State Drive (AGAMMIXS70-1T-C),https://cdna.pcpartpicker.com/static/forever/images/product/ec9cda2efb06d7c21bd4c83aa6ebd452.256p.jpg,https://pcpartpicker.com/product/DgTzK8/adata-xpg-gammix-s70-1-tb-m2-2280-nvme-solid-state-drive-agammixs70-1t-c,NVME,1000
storage,Toshiba XG5 1 TB M.2-2280 PCIe 3.0 X4 NVME Solid State Drive (KXG50ZNV1T02),https://cdna.pcpartpicker.com/static/forever/images/product/e57cd05ab9698351d7c7dc371aad7de6.256p.jpg,https://pcpartpicker.com/product/jd66Mp/toshiba-xg5-1tb-m2-2280-solid-state-drive-kxg50znv1t02,NVME,1000
storage,Nextorage G-Series 1 TB M.2-2280 PCIe 4.0 X4 NVME Solid State Drive (NE1N1TB/GHNN SYM),https://cdna.pcpartpicker.com/static/forever/images/product/500b4a18f8542f836953eca398889a2b.256p.jpg,https://pcpartpicker.com/product/NXxRsY/nextorage-g-series-1-tb-m2-2280-pcie-40-x4-nvme-solid-state-drive-ne1n1tbghnn-sym,NVME,1000
storage,Netac NV2000 1 TB M.2-2280 PCIe 3.0 X4 NVME Solid State Drive (NT01NV2000-1T0-E4X),https://cdna.pcpartpicker.com/static/forever/images/product/2b36a2e9f5c4996f7da83158fe2b51f2.256p.jpg,https://pcpartpicker.com/product/7dmNnQ/netac-nv2000-1-tb-m2-2280-pcie-30-x4-nvme-solid-state-drive-nt01nv2000-1t0-e4x,NVME,1000
storage,TEAMGROUP T-Force Cardea II TUF Gaming Alliance 1 TB M.2-2280 PCIe 3.0 X4 NVME Solid State Drive (TM8FPB001T0C310),https://m.media-amazon.com/images/I/31-UYjFxAVL.jpg,https://pcpartpicker.com/product/LrgFf7/team-t-force-cardea-ii-tuf-gaming-alliance-1-tb-m2-2280-nvme-solid-state-drive-tm8fpb001t0c310,NVME,1000
storage,KingSpec XF-2280 1 TB M.2-2280 PCIe 4.0 X4 NVME Solid State Drive (XF-2280-1TB),https://m.media-amazon.com/images/I/41v7JH8oRrL.jpg,https://pcpartpicker.com/product/ksTp99/kingspec-xf-2280-1-tb-m2-2280-nvme-solid-state-drive-xf-2280-1tb,NVME,1000
storage,Transcend 110S 1 TB M.2-2280 PCIe 3.0 X4 NVME Solid State Drive (TS1TMTE110S),https://cdna.pcpartpicker.com/static/forever/images/product/f44afec3e50e865eb5ff597bfbc51656.256p.jpg,https://pcpartpicker.com/product/FkXYcf/transcend-110s-1-tb-m2-2280-nvme-solid-state-drive-ts1tmte110s,NVME,1000
storage,Seagate IronWolf 525 1 TB M.2-2280 PCIe 4.0 X4 NVME Solid State Drive (ZP1000NM3A002),https://cdna.pcpartpicker.com/static/forever/images/product/cf32f47026c9c28c30e9e7a7db39436e.256p.jpg,https://pcpartpicker.com/product/4sWzK8/seagate-ironwolf-525-1-tb-m2-2280-nvme-solid-state-drive-zp1000nm3a002,NVME,1000
storage,TEAMGROUP T-Force Cardea Ceramic C440 1 TB M.2-2280 PCIe 4.0 X4 NVME Solid State Drive (TM8FPA001T0C410),https://cdna.pcpartpicker.com/static/forever/images/product/763495e92a721e949a915d481e559800.256p.jpg,https://pcpartpicker.com/product/fCTp99/teamgroup-t-force-cardea-ceramic-c440-1-tb-m2-2280-nvme-solid-state-drive-tm8fpa001t0c410,NVME,1000
storage,Solidigm P41 Plus 1 TB M.2-2230 PCIe 4.0 X4 NVME Solid State Drive (SSDPFPNU010TZ01),https://cdna.pcpartpicker.com/static/forever/images/product/237236fc3296d59e372d69a8404dfccb.256p.jpg,https://pcpartpicker.com/product/srvD4D/solidigm-p41-plus-1-tb-m2-2230-pcie-40-x4-nvme-solid-state-drive-ssdpfpnu010tz01,NVME,1000
storage,Nextorage NEM-PA 1 TB M.2-2280 PCIe 4.0 X4 NVME Solid State Drive (NEM-PA1TB),https://cdna.pcpartpicker.com/static/forever/images/product/349466bd28902354fe18d7d23f63082a.256p.jpg,https://pcpartpicker.com/product/PmbTwP/nextorage-nem-pa-1-tb-m2-2280-nvme-solid-state-drive-nem-pa1tb,NVME,1000
storage,Inland TN320 1 TB M.2-2280 PCIe 3.0 X4 NVME Solid State Drive (1TB TN320 NVME),https://m.media-amazon.com/images/I/41s93FNi09L.jpg,https://pcpartpicker.com/product/W7hv6h/inland-tn320-1-tb-m2-2280-pcie-30-x4-nvme-solid-state-drive-1tb-tn320-nvme,NVME,1000
storage,Netac NV5000 1 TB M.2-2280 PCIe 4.0 X4 NVME Solid State Drive (NT01NV5000-1T0-E4X),https://m.media-amazon.com/images/I/31w6Ne73T5L.jpg,https://pcpartpicker.com/product/tHBzK8/netac-nv5000-1-tb-m2-2280-pcie-40-x4-nvme-solid-state-drive-nt01nv5000-1t0-e4x,NVME,1000
storage,ADATA ATOM 30 1 TB M.2-2280 PCIe 3.0 X4 NVME Solid State Drive (AATO-30-1TCI),https://m.media-amazon.com/images/I/31PXN8l-AdL.jpg,https://pcpartpicker.com/product/2zVmP6/adata-atom-30-1-tb-m2-2280-nvme-solid-state-drive-aato-30-1tci,NVME,1000
storage,KIOXIA EXCERIA PLUS G2 1 TB M.2-2280 PCIe 3.0 X4 NVME Solid State Drive (LRD20Z001TG8),https://cdna.pcpartpicker.com/static/forever/images/product/3f1519ba1df50f415e0e41dd05fac55d.256p.jpg,https://pcpartpicker.com/product/FbM48d/kioxia-exceria-plus-g2-1-tb-m2-2280-nvme-solid-state-drive-lrd20z001tg8,NVME,1000
storage,Patriot VPN100 1 TB M.2-2280 PCIe 3.0 X4 NVME Solid State Drive (VPN100-1TBM28H),https://cdna.pcpartpicker.com/static/forever/images/product/e0cb65cd2d53bdf3a8313e6b74bfa471.256p.jpg,https://pcpartpicker.com/product/NWNv6h/patriot-vpn100-1-tb-m2-2280-solid-state-drive-vpn100-1tbm28h,NVME,1000
storage,Seagate FireCuda 1 TB M.2-2280 PCIe 3.0 X4 NVME Solid State Drive (ZP1000GM30011),https://cdna.pcpartpicker.com/static/forever/images/product/11361d2f26ea6a8d456b6a3cf1cf8b67.256p.jpg,https://pcpartpicker.com/product/hJxbt6/seagate-firecuda-1-tb-m2-2280-nvme-solid-state-drive-zp1000gm30011,NVME,1000
storage,Seagate Beskar Ingot Drive Special Edition FireCuda 1 TB M.2-2280 PCIe 4.0 X4 NVME Solid State Drive (ZP1000GM30033),https://upload.wikimedia.org/wikipedia/commons/thumb/a/ac/No_image_available.svg/256px-No_image_available.jpg,https://pcpartpicker.com/product/TLhFf7/seagate-beskar-ingot-drive-special-edition-firecuda-1-tb-m2-2280-pcie-40-x4-nvme-solid-state-drive-zp1000gm30033,NVME,1000
storage,Nextorage NE5N 1 TB M.2-2280 PCIe 5.0 X4 NVME Solid State Drive (NE5N1TB/FHHE SYM),https://cdna.pcpartpicker.com/static/forever/images/product/a031c0a66cf144151752d9a825b51096.256p.jpg,https://pcpartpicker.com/product/GspQzy/nextorage-ne5n-1-tb-m2-2280-pcie-50-x4-nvme-solid-state-drive-ne5n1tbfhhe-sym,NVME,1000
storage,Lenovo 4XB0W79582 1 TB M.2-2280 PCIe 3.0 X4 NVME Solid State Drive (4XB0W79582),https://m.media-amazon.com/images/I/41Oy+2fnGbL.jpg,https://pcpartpicker.com/product/kMmFf7/lenovo-1-tb-m2-2280-nvme-solid-state-drive-4xb0w79582,NVME,1000
storage,ADATA Falcon 1 TB M.2-2280 PCIe 3.0 X4 NVME Solid State Drive (AFALCON-1T-C),https://m.media-amazon.com/images/I/31TpOYF2FhL.jpg,https://pcpartpicker.com/product/vfcRsY/adata-falcon-1-tb-m2-2280-nvme-solid-state-drive-afalcon-1t-c,NVME,1000
storage,ADATA XPG GAMMIX S41 1 TB M.2-2280 PCIe 3.0 X4 NVME Solid State Drive (AGAMMIXS41-1T-C),https://upload.wikimedia.org/wikipedia/commons/thumb/a/ac/No_image_available.svg/256px-No_image_available.jpg,https://pcpartpicker.com/product/LFZ9TW/adata-xpg-gammix-s41-1-tb-m2-2280-nvme-solid-state-drive-agammixs41-1t-c,NVME,1000
storage,Silicon Power XD80 1 TB M.2-2280 PCIe 3.0 X4 NVME Solid State Drive (SP001TBP34XD8005),https://cdna.pcpartpicker.com/static/forever/images/product/4b8c8f129cd4680e0d7448e585fc5071.256p.jpg,https://pcpartpicker.com/product/gQLFf7/silicon-power-xd80-1-tb-m2-2280-nvme-solid-state-drive-sp001tbp34xd8005,NVME,1000
storage,Patriot Viper Gaming VP4100 1 TB M.2-2280 PCIe 4.0 X4 NVME Solid State Drive (VP4100-1TBM28H),https://cdna.pcpartpicker.com/static/forever/images/product/df2a9414e4aec43c938df3a37b8f78b0.256p.jpg,https://pcpartpicker.com/product/vmkgXL/patriot-viper-gaming-vp4100-1-tb-m2-2280-nvme-solid-state-drive-vp4100-1tbm28h,NVME,1000
storage,Pioneer APS-SE20G-1T 1 TB M.2-2280 PCIe 3.0 X4 NVME Solid State Drive (APS-SE20G-1T),https://m.media-amazon.com/images/I/41fwnE4+h1L.jpg,https://pcpartpicker.com/product/GJkgXL/pioneer-1-tb-m2-2280-nvme-solid-state-drive-aps-se20g-1t,NVME,1000
storage,TEAMGROUP T-Create Classic 1 TB M.2-2280 PCIe 4.0 X4 NVME Solid State Drive (TM8FPH001T0C611),https://cdna.pcpartpicker.com/static/forever/images/product/965a3ec55f6394d8b933bfccf7b56b31.256p.jpg,https://pcpartpicker.com/product/KGLFf7/team-t-create-classic-1-tb-m2-2280-nvme-solid-state-drive-tm8fph001t0c611,NVME,1000
storage,Western Digital BLACK SN850 Call of Duty Edition 1 TB M.2-2280 PCIe 4.0 X4 NVME Solid State Drive (WDBB2F0010BNC-WRSN),https://cdna.pcpartpicker.com/static/forever/images/product/1d162f781fc92004401db3e1ca736c85.256p.jpg,https://pcpartpicker.com/product/LpqBD3/western-digital-black-sn850-1-tb-m2-2280-nvme-solid-state-drive-wdbb2f0010bnc-wrsn,NVME,1000
storage,Samsung SM961 1 TB M.2-2280 PCIe 3.0 X4 NVME Solid State Drive (MZVKW1T0HMLH-00000),https://cdna.pcpartpicker.com/static/forever/images/product/a7905c2bcf8543df553170381303f1e2.256p.jpg,https://pcpartpicker.com/product/Jn648d/samsung-sm961-1tb-m2-2280-solid-state-drive-mzvkw1t0hmlh-00000,NVME,1000
storage,ADATA Legend 740 1 TB M.2-2280 PCIe 3.0 X4 NVME Solid State Drive (ALEG-740-1TCS),https://cdna.pcpartpicker.com/static/forever/images/product/9b9976e414df369708f0abe6844b73fa.256p.jpg,https://pcpartpicker.com/product/Z2PQzy/adata-legend-740-1-tb-m2-2280-nvme-solid-state-drive-aleg-740-1tcs,NVME,1000
storage,Fastro MS150 1 TB M.2-2280 PCIe 3.0 X4 NVME Solid State Drive (MS150100TTS),https://upload.wikimedia.org/wikipedia/commons/thumb/a/ac/No_image_available.svg/256px-No_image_available.jpg,https://pcpartpicker.com/product/4G7G3C/fastro-ms150-1-tb-m2-2280-pcie-30-x4-nvme-solid-state-drive-ms150100tts,NVME,1000
storage,Patriot P300 1 TB M.2-2280 PCIe 3.0 X4 NVME Solid State Drive (P300P1TBM28US),https://cdna.pcpartpicker.com/static/forever/images/product/60bfdc77a2f187a4342848e532a4190c.256p.jpg,https://pcpartpicker.com/product/9Ldrxr/patriot-p300-1-tb-m2-2280-nvme-solid-state-drive-p300p1tbm28us,NVME,1000
storage,ADATA SU800 1 TB M.2-2280 SATA Solid State Drive (ASU800NS38-1TT-C),https://m.media-amazon.com/images/I/41oifNce1pL.jpg,https://pcpartpicker.com/product/hCjJ7P/adata-su800-1-tb-m2-2280-solid-state-drive-asu800ns38-1tt-c,NVME,1000
storage,Micron 2200 1 TB M.2-2280 PCIe 3.0 X4 NVME Solid State Drive (MTFDHBA1T0TCK-1AT1AA),https://cdna.pcpartpicker.com/static/forever/images/product/33f61e84942728a8017e097a4252abf2.256p.jpg,https://pcpartpicker.com/product/pXCD4D/micron-2200-1-tb-m2-2280-nvme-solid-state-drive-mtfdhba1t0tck-1at1aa,NVME,1000
storage,Addlink S70 1 TB M.2-2280 PCIe 3.0 X4 NVME Solid State Drive (ad1TBS70M2P),https://m.media-amazon.com/images/I/41WnMdD4JVL.jpg,https://pcpartpicker.com/product/Y6zhP6/addlink-s70-1-tb-m2-2280-nvme-solid-state-drive-ad1tbs70m2p,NVME,1000
storage,AITC Kingsman KE680 1 TB M.2-2280 PCIe 4.0 X4 NVME Solid State Drive (AIKE680M1TB228),https://upload.wikimedia.org/wikipedia/commons/thumb/a/ac/No_image_available.svg/256px-No_image_available.jpg,https://pcpartpicker.com/product/DVFmP6/aitc-kingsman-ke680-1-tb-m2-2280-pcie-40-x4-nvme-solid-state-drive-aike680m1tb228,NVME,1000
storage,Apacer AS2280Q4 1 TB M.2-2280 PCIe 4.0 X4 NVME Solid State Drive (AP1TBAS2280Q4-1),https://cdna.pcpartpicker.com/static/forever/images/product/03f08a8d847342d8847df90f63742f6a.256p.jpg,https://pcpartpicker.com/product/VCbTwP/apacer-as2280q4-1-tb-m2-2280-nvme-solid-state-drive-ap1tbas2280q4-1,NVME,1000
storage,Intel 660p 1 TB M.2-2280 PCIe 3.0 X4 NVME Solid State Drive (SSDPEKNW010T8XT),https://cdna.pcpartpicker.com/static/forever/images/product/af52e1f50edc53aed35cfd2bbdaac387.256p.jpg,https://pcpartpicker.com/product/TKZzK8/intel-660p-1-tb-m2-2280-nvme-solid-state-drive-ssdpeknw010t8xt,NVME,1000
storage,Western Digital PC SN730 1 TB M.2-2280 PCIe 3.0 X4 NVME Solid State Drive (SDBPNTY-1TOO),https://upload.wikimedia.org/wikipedia/commons/thumb/a/ac/No_image_available.svg/256px-No_image_available.jpg,https://pcpartpicker.com/product/62cG3C/western-digital-pc-sn730-1-tb-m2-2280-nvme-solid-state-drive-sdbpnty-1too,NVME,1000
storage,PNY CS900 1 TB M.2-2280 SATA Solid State Drive (M280CS900-1TB-RB),https://cdna.pcpartpicker.com/static/forever/images/product/85b08ac704742d9f1a680568b7c66230.256p.jpg,https://pcpartpicker.com/product/dgJgXL/pny-cs900-1-tb-m2-2280-solid-state-drive-m280cs900-1tb-rb,NVME,1000
storage,Verbatim Vi560 1 TB M.2-2280 SATA Solid State Drive (70385),https://cdna.pcpartpicker.com/static/forever/images/product/689bef54979a4350de6f7393c908d388.256p.jpg,https://pcpartpicker.com/product/sfRgXL/verbatim-vi560-1-tb-m2-2280-solid-state-drive-70385,NVME,1000
storage,ADATA XPG SX6000 1 TB M.2-2280 PCIe 3.0 X4 NVME Solid State Drive (ASX6000NP-1TT-C),https://m.media-amazon.com/images/I/51+uWBgYyEL.jpg,https://pcpartpicker.com/product/3ftQzy/adata-xpg-sx6000-1tb-m2-2280-solid-state-drive-asx6000np-1tt-c,NVME,1000
storage,MSI SPATIUM M460 1 TB M.2-2280 PCIe 4.0 X4 NVME Solid State Drive (SPATIUM-M460-1TB),https://upload.wikimedia.org/wikipedia/commons/thumb/a/ac/No_image_available.svg/256px-No_image_available.jpg,https://pcpartpicker.com/product/c4t9TW/msi-spatium-m460-1-tb-m2-2280-pcie-40-x4-nvme-solid-state-drive-spatium-m460-1tb,NVME,1000
storage,Fantom Drives VENOM8 1 TB M.2-2280 PCIe 4.0 X4 NVME Solid State Drive (VM8X10),https://cdna.pcpartpicker.com/static/forever/images/product/9807d1ab916177dc27510c865528c038.256p.jpg,https://pcpartpicker.com/product/4cfxFT/fantom-drives-venom8-1-tb-m2-2280-pcie-40-x4-nvme-solid-state-drive-vm8x10,NVME,1000
storage,TEAMGROUP MP44S 1 TB M.2-2230 PCIe 4.0 X4 NVME Solid State Drive (TM5FF3001T0C101),https://cdna.pcpartpicker.com/static/forever/images/product/0128b563285bd54e0930a3766fc35f26.256p.jpg,https://pcpartpicker.com/product/dYNYcf/teamgroup-mp44s-1-tb-m2-2230-pcie-40-x4-nvme-solid-state-drive-tm5ff3001t0c101,NVME,1000
storage,TEAMGROUP Cardea II 1 TB M.2-2280 PCIe 3.0 X4 NVME Solid State Drive (TM8FP5001T0C110),https://cdna.pcpartpicker.com/static/forever/images/product/bb6fc086c6a4eb306762fdabec588319.256p.jpg,https://pcpartpicker.com/product/tZn8TW/team-cardea-ii-1-tb-m2-2280-nvme-solid-state-drive-tm8fp5001t0c110,NVME,1000
storage,Western Digital SanDisk Extreme PRO 1 TB M.2-2280 PCIe 4.0 X4 NVME Solid State Drive (SDSSDXPM2-1T00-G25),https://m.media-amazon.com/images/I/41y0E7kpZgL.jpg,https://pcpartpicker.com/product/tQKKHx/western-digital-extreme-pro-1-tb-m2-2280-nvme-solid-state-drive-sdssdxpm2-1t00-g25,NVME,1000
storage,Addlink S90 1 TB M.2-2280 PCIe 4.0 X4 NVME Solid State Drive (ad1TBS90M2P),https://m.media-amazon.com/images/I/41XdV6LEh-L.jpg,https://pcpartpicker.com/product/6cKKHx/addlink-s90-1-tb-m2-2280-nvme-solid-state-drive-ad1tbs90m2p,NVME,1000
storage,PNY XLR8 CS3040 w/Heatsink 1 TB M.2-2280 PCIe 4.0 X4 NVME Solid State Drive (M280CS3040HS-1TB-RB),https://cdna.pcpartpicker.com/static/forever/images/product/fc325881625359f0b04d520ea0429248.256p.jpg,https://pcpartpicker.com/product/KGJgXL/pny-xlr8-cs3040-heatsink-1-tb-m2-2280-nvme-solid-state-drive-m280cs3040hs-1tb-rb,NVME,1000
storage,Klevv CRAS C720 1 TB M.2-2280 PCIe 3.0 X4 NVME Solid State Drive (K01TBM2SP0-C72),https://m.media-amazon.com/images/I/41UNx66q2qS.jpg,https://pcpartpicker.com/product/xCTp99/klevv-cras-c720-1-tb-m2-2280-nvme-solid-state-drive-k01tbm2sp0-c72,NVME,1000
storage,KingSpec NE-2280 1 TB M.2-2280 PCIe 3.0 X4 NVME Solid State Drive (NE-2280-1TB),https://upload.wikimedia.org/wikipedia/commons/thumb/a/ac/No_image_available.svg/256px-No_image_available.jpg,https://pcpartpicker.com/product/8vrRsY/kingspec-ne-2280-1-tb-m2-2280-nvme-solid-state-drive-ne-2280-1tb,NVME,1000
storage,ADATA XPG GAMMIX S50 1 TB M.2-2280 PCIe 4.0 X4 NVME Solid State Drive (AGAMMIXS50-1TT-C),https://cdna.pcpartpicker.com/static/forever/images/product/98916d132241ce64f4cc30f52a70bbfe.256p.jpg,https://pcpartpicker.com/product/bwqBD3/adata-xpg-gammix-s50-1-tb-m2-2280-nvme-solid-state-drive-agammixs50-1tt-c,NVME,1000
storage,PNY CS2240 1 TB M.2-2280 PCIe 4.0 X4 NVME Solid State Drive (M280CS2240-1TB-RB),https://m.media-amazon.com/images/I/415H3Zl2fTL.jpg,https://pcpartpicker.com/product/ZqsV3C/pny-cs2240-1-tb-m2-2280-pcie-40-x4-nvme-solid-state-drive-m280cs2240-1tb-rb,NVME,1000
storage,Transcend 250H 1 TB M.2-2280 PCIe 4.0 X4 NVME Solid State Drive (TS1TMTE250H),https://m.media-amazon.com/images/I/41OL3y5doIL.jpg,https://pcpartpicker.com/product/HJ88TW/transcend-250h-1-tb-m2-2280-pcie-40-x4-nvme-solid-state-drive-ts1tmte250h,NVME,1000
storage,Netac NV5000-N 1 TB M.2-2280 PCIe 4.0 X4 NVME Solid State Drive (NT01NV5000N-1T0-E4X),https://cdna.pcpartpicker.com/static/forever/images/product/26513456fd90ee4efb8957c6316766c1.256p.jpg,https://pcpartpicker.com/product/Kx6NnQ/netac-nv5000-n-1-tb-m2-2280-pcie-40-x4-nvme-solid-state-drive-nt01nv5000n-1t0-e4x,NVME,1000
storage,ADATA XPG ASX8600 Pro 1 TB M.2-2280 PCIe 3.0 X4 NVME Solid State Drive (ASX8600PRO-1T-CS),https://upload.wikimedia.org/wikipedia/commons/thumb/a/ac/No_image_available.svg/256px-No_image_available.jpg,https://pcpartpicker.com/product/C9cgXL/adata-xpg-asx8600-pro-1-tb-m2-2280-pcie-30-x4-nvme-solid-state-drive-asx8600pro-1t-cs,NVME,1000
storage,GeIL Zenith P4L 1 TB M.2-2280 PCIe 4.0 X4 NVME Solid State Drive (GZ80P4L-1TBP),https://upload.wikimedia.org/wikipedia/commons/thumb/a/ac/No_image_available.svg/256px-No_image_available.jpg,https://pcpartpicker.com/product/B8ZXsY/geil-zenithp4l-1-tb-m2-2280-pcie-40-x4-nvme-solid-state-drive-gz80p4l-1tbp,NVME,1000
storage,Intel Pro 6000p 1 TB M.2-2280 PCIe 3.0 X4 NVME Solid State Drive (SSDPEKKF010T7X1),https://cdna.pcpartpicker.com/static/forever/images/product/fec0f6f934dea7f74ff061d6f84d47c5.256p.jpg,https://pcpartpicker.com/product/B2yxFT/intel-pro-6000p-1tb-m2-2280-solid-state-drive-ssdpekkf010t7x1,NVME,1000
storage,Addlink S95 1 TB M.2-2280 PCIe 4.0 X4 NVME Solid State Drive (ad1TBS95M2P),https://m.media-amazon.com/images/I/41HNay0A90L.jpg,https://pcpartpicker.com/product/kG4Ycf/addlink-s95-1-tb-m2-2280-nvme-solid-state-drive-ad1tbs95m2p,NVME,1000
storage,ADATA ATOM 50 1 TB M.2-2280 PCIe 4.0 X4 NVME Solid State Drive (AATO-50-1TCI),https://m.media-amazon.com/images/I/31PXN8l-AdL.jpg,https://pcpartpicker.com/product/6Kt9TW/adata-atom-50-1-tb-m2-2280-nvme-solid-state-drive-aato-50-1tci,NVME,1000
storage,Patriot VPR100 RGB 1 TB M.2-2280 PCIe 3.0 X4 NVME Solid State Drive (VPR100-1TBM28H),https://m.media-amazon.com/images/I/41Ioh8W+m6L.jpg,https://pcpartpicker.com/product/vc4BD3/patriot-vpr100-rgb-1-tb-m2-2280-nvme-solid-state-drive-vpr100-1tbm28h,NVME,1000
storage,Toshiba XG3 1 TB M.2-2280 PCIe 3.0 X4 NVME Solid State Drive (THNSN51T02DU7),https://upload.wikimedia.org/wikipedia/commons/thumb/a/ac/No_image_available.svg/256px-No_image_available.jpg,https://pcpartpicker.com/product/dnwkcf/toshiba-xg3-1-tb-m2-2280-nvme-solid-state-drive-thnsn51t02du7,NVME,1000
storage,TEAMGROUP T-Force Cardea Zero Z340 1 TB M.2-2280 PCIe 3.0 X4 NVME Solid State Drive (TM8FP9001T0C311),https://cdna.pcpartpicker.com/static/forever/images/product/addc99cfc357264f36546dbbfab7c58c.256p.jpg,https://pcpartpicker.com/product/g6wkcf/team-t-force-cardea-zero-z340-1-tb-m2-2280-nvme-solid-state-drive-tm8fp9001t0c311,NVME,1000
storage,Silicon Power UD70 1 TB M.2-2280 PCIe 3.0 X4 NVME Solid State Drive (SP01KGBP34UD7005),https://cdna.pcpartpicker.com/static/forever/images/product/9c2ac836dd818d06e832bf8cb44cff74.256p.jpg,https://pcpartpicker.com/product/L4tKHx/silicon-power-ud70-1-tb-m2-2280-nvme-solid-state-drive-sp01kgbp34ud7005,NVME,1000
storage,Apacer PP3480 1 TB M.2-2280 PCIe 3.0 X4 NVME Solid State Drive (AP1TPP3480-R),https://cdna.pcpartpicker.com/static/forever/images/product/cdf1d92aae7d93a3510debb716570c61.256p.jpg,https://pcpartpicker.com/product/mRJgXL/apacer-pp3480-1-tb-m2-2280-nvme-solid-state-drive-ap1tpp3480-r,NVME,1000
storage,TEAMGROUP T-Create Expert 1 TB M.2-2280 PCIe 3.0 X4 NVME Solid State Drive (TM8FPF001T0C711),https://m.media-amazon.com/images/I/31Hp7TRWzrS.jpg,https://pcpartpicker.com/product/FpH7YJ/team-t-create-expert-1-tb-m2-2280-nvme-solid-state-drive-tm8fpf001t0c711,NVME,1000
storage,Intel Pro 7600p 1 TB M.2-2280 PCIe 3.0 X4 NVME Solid State Drive (SSDPEKKF010T8X1),https://cdna.pcpartpicker.com/static/forever/images/product/82b9a42e11b296ba7cbadc4c1e20c29d.256p.jpg,https://pcpartpicker.com/product/9VVD4D/intel-pro-7600p-1-tb-m2-2280-nvme-solid-state-drive-ssdpekkf010t8x1,NVME,1000
storage,TEAMGROUP T-Create Classic DL 1 TB M.2-2280 PCIe 4.0 X4 NVME Solid State Drive (TM8FPM001T0C329),https://m.media-amazon.com/images/I/31y4Xvbrk1L.jpg,https://pcpartpicker.com/product/FPzXsY/teamgroup-t-create-classic-dl-1-tb-m2-2280-pcie-40-x4-nvme-solid-state-drive-tm8fpm001t0c329,NVME,1000
storage,Western Digital PC SN740 Pyrite 1 TB M.2-2230 PCIe 4.0 X4 NVME Solid State Drive (SDDPTQD-1T00),https://cdna.pcpartpicker.com/static/forever/images/product/72cda3628b171aaf7507bb2fd614f4fa.256p.jpg,https://pcpartpicker.com/product/6tQKHx/western-digital-pc-sn740-pyrite-1-tb-m2-2230-pcie-40-x4-nvme-solid-state-drive-sddptqd-1t00,NVME,1000
storage,Acer Predator GM7 1 TB M.2-2280 PCIe 4.0 X4 NVME Solid State Drive (BL.9BWWR.118),https://upload.wikimedia.org/wikipedia/commons/thumb/a/ac/No_image_available.svg/256px-No_image_available.jpg,https://pcpartpicker.com/product/YPKscf/acer-predator-gm7-1-tb-m2-2280-pcie-40-x4-nvme-solid-state-drive-bl9bwwr118,NVME,1000
storage,Addlink S91 1 TB M.2-2230 PCIe 4.0 X4 NVME Solid State Drive (ad1TBS91M2P),https://upload.wikimedia.org/wikipedia/commons/thumb/a/ac/No_image_available.svg/256px-No_image_available.jpg,https://pcpartpicker.com/product/KJtLrH/addlink-s91-1-tb-m2-2230-pcie-40-x4-nvme-solid-state-drive-ad1tbs91m2p,NVME,1000
storage,Addlink A95 1 TB M.2-2280 PCIe 4.0 X4 NVME Solid State Drive (ad1TBA95M2P),https://upload.wikimedia.org/wikipedia/commons/thumb/a/ac/No_image_available.svg/256px-No_image_available.jpg,https://pcpartpicker.com/product/vLTp99/addlink-a95-1-tb-m2-2280-nvme-solid-state-drive-ad1tba95m2p,NVME,1000
storage,Leven JP600 1 TB M.2-2280 PCIe 3.0 X4 NVME Solid State Drive (JP600-1TB),https://m.media-amazon.com/images/I/41quTLq56YL.jpg,https://pcpartpicker.com/product/xkYmP6/leven-jp600-1-tb-m2-2280-nvme-solid-state-drive-jp600-1tb,NVME,1000
storage,TEAMGROUP Cardea Z440 TUF Gaming Alliance 1 TB M.2-2280 PCIe 4.0 X4 NVME Solid State Drive (TM8FPC001T0C128),https://upload.wikimedia.org/wikipedia/commons/thumb/a/ac/No_image_available.svg/256px-No_image_available.jpg,https://pcpartpicker.com/product/wKwypg/teamgroup-cardea-z440-tuf-gaming-alliance-1-tb-m2-2280-nvme-solid-state-drive-tm8fpc001t0c128,NVME,1000
storage,Verbatim Vi3000 1 TB M.2-2280 PCIe 3.0 X4 NVME Solid State Drive (70873),https://cdna.pcpartpicker.com/static/forever/images/product/7577918a4354b4d63661af4607fe1aea.256p.jpg,https://pcpartpicker.com/product/PrNxFT/verbatim-vi3000-1-tb-m2-2280-nvme-solid-state-drive-70873,NVME,1000
storage,Eluktronics TRO-1TB-PRO-X 1 TB M.2-2280 PCIe 3.0 X4 NVME Solid State Drive (TRO-1TB-PRO-X),https://upload.wikimedia.org/wikipedia/commons/thumb/a/ac/No_image_available.svg/256px-No_image_available.jpg,https://pcpartpicker.com/product/JNDJ7P/eluktronics-1tb-m2-2280-solid-state-drive-tro-1tb-pro-x,NVME,1000
storage,Mushkin PILOT 1 TB M.2-2280 PCIe 3.0 X4 NVME Solid State Drive (MKNSSDPL1TB-D8),https://m.media-amazon.com/images/I/41IBH3Exb9L.jpg,https://pcpartpicker.com/product/j8qhP6/mushkin-pilot-1tb-m2-2280-solid-state-drive-mknssdpl1tb-d8,NVME,1000
storage,TEAMGROUP T-Force Cardea 1 TB M.2-2280 PCIe 3.0 X4 NVME Solid State Drive (TM8FP5001T0C119),https://cdna.pcpartpicker.com/static/forever/images/product/44162403d1d55fad6659e147e5d83005.256p.jpg,https://pcpartpicker.com/product/t9WBD3/team-t-force-cardea-1-tb-m2-2280-nvme-solid-state-drive-tm8fp5001t0c119,NVME,1000
storage,SanDisk X400 1 TB M.2-2280 SATA Solid State Drive (SD8SN8U-1T00-1122),https://cdna.pcpartpicker.com/static/forever/images/product/7b14036303f0e16ef818294ec47d34cf.256p.jpg,https://pcpartpicker.com/product/hbKhP6/sandisk-internal-hard-drive-sd8sn8u1t001122,NVME,1000
storage,Plextor M8Pe 1 TB M.2-2280 PCIe 3.0 X4 NVME Solid State Drive (PX-1TM8PeG),https://cdna.pcpartpicker.com/static/forever/images/product/d1d0b5343f7d89b1d7af96ddd21e4a6b.256p.jpg,https://pcpartpicker.com/product/BvjWGX/plextor-m8pe-1tb-m2-2280-solid-state-drive-px-1tm8peg,NVME,1000
storage,Toshiba XG6 1 TB M.2-2280 PCIe 3.0 X4 NVME Solid State Drive (KXG60ZNV1T02),https://m.media-amazon.com/images/I/31MVw1ZklVL.jpg,https://pcpartpicker.com/product/rRD7YJ/toshiba-xg6-1-tb-m2-2280-nvme-solid-state-drive-kxg60znv1t02,NVME,1000
storage,ADATA LEGEND 700 1 TB M.2-2280 PCIe 3.0 X4 NVME Solid State Drive (ALEG-700-1000GCS),https://upload.wikimedia.org/wikipedia/commons/thumb/a/ac/No_image_available.svg/256px-No_image_available.jpg,https://pcpartpicker.com/product/J6YmP6/adata-legend-700-1-tb-m2-2280-pcie-30-x4-nvme-solid-state-drive-aleg-700-1000gcs,NVME,1000
storage,MSI SPATIUM M460 HS 1 TB M.2-2280 PCIe 4.0 X4 NVME Solid State Drive (SPATIUM-M460-HS-1TB),https://upload.wikimedia.org/wikipedia/commons/thumb/a/ac/No_image_available.svg/256px-No_image_available.jpg,https://pcpartpicker.com/product/smfnTW/msi-spatium-m460-hs-1-tb-m2-2280-pcie-40-x4-nvme-solid-state-drive-spatium-m460-hs-1tb,NVME,1000
storage,Inland TN436 1 TB M.2-2230 PCIe 4.0 X4 NVME Solid State Drive (1TB TN436),https://m.media-amazon.com/images/I/510O0R3ggML.jpg,https://pcpartpicker.com/product/zsJp99/inland-tn436-1-tb-m2-2230-pcie-40-x4-nvme-solid-state-drive-1tb-tn436,NVME,1000
storage,TEAMGROUP MP34S 1 TB M.2-2242 PCIe 3.0 X4 NVME Solid State Drive (TM4FPN001T0C101),https://upload.wikimedia.org/wikipedia/commons/thumb/a/ac/No_image_available.svg/256px-No_image_available.jpg,https://pcpartpicker.com/product/yTYRsY/teamgroup-mp34s-1-tb-m2-2242-pcie-30-x4-nvme-solid-state-drive-tm4fpn001t0c101,NVME,1000
storage,Western Digital PC SN740 Opal 1 TB M.2-2280 PCIe 4.0 X4 NVME Solid State Drive (SDDQNQD-1T00),https://upload.wikimedia.org/wikipedia/commons/thumb/a/ac/No_image_available.svg/256px-No_image_available.jpg,https://pcpartpicker.com/product/jVDQzy/western-digital-pc-sn740-opal-1-tb-m2-2280-pcie-40-x4-nvme-solid-state-drive-sddqnqd-1t00,NVME,1000
storage,Biostar M700 1 TB M.2-2280 PCIe 3.0 X4 NVME Solid State Drive (M700-1TB),https://cdna.pcpartpicker.com/static/forever/images/product/7acb4b5cdc9626b8e4d85b8a9c7bc9a2.256p.jpg,https://pcpartpicker.com/product/F7vqqs/biostar-m700-1-tb-m2-2280-nvme-solid-state-drive-m700-1tb,NVME,1000
storage,Addlink A90 1 TB M.2-2280 PCIe 4.0 X4 NVME Solid State Drive (ad1TBA90M2P),https://upload.wikimedia.org/wikipedia/commons/thumb/a/ac/No_image_available.svg/256px-No_image_available.jpg,https://pcpartpicker.com/product/9qnypg/addlink-a90-1-tb-m2-2280-nvme-solid-state-drive-ad1tba90m2p,NVME,1000
storage,Addlink S72 1 TB M.2-2280 PCIe 3.0 X4 NVME Solid State Drive (ad1TBS72M2P),https://upload.wikimedia.org/wikipedia/commons/thumb/a/ac/No_image_available.svg/256px-No_image_available.jpg,https://pcpartpicker.com/product/Nkt9TW/addlink-s72-1-tb-m2-2280-nvme-solid-state-drive-ad1tbs72m2p,NVME,1000
storage,ADATA ATOM 40 1 TB M.2-2280 PCIe 3.0 X4 NVME Solid State Drive (AATO-40-1TCI),https://m.media-amazon.com/images/I/31PXN8l-AdL.jpg,https://pcpartpicker.com/product/8xBG3C/adata-atom-40-1-tb-m2-2280-nvme-solid-state-drive-aato-40-1tci,NVME,1000
storage,KIOXIA EXCERIA PLUS 1 TB M.2-2280 PCIe 3.0 X4 NVME Solid State Drive (LRD10Z001TG8),https://cdna.pcpartpicker.com/static/forever/images/product/c6f2e9c663e03bedf02fa1fec3b2400d.256p.jpg,https://pcpartpicker.com/product/tKrRsY/kioxia-exceria-plus-1-tb-m2-2280-nvme-solid-state-drive-lrd10z001tg8,NVME,1000
storage,TEAMGROUP T-Force Cardea A440 Pro Special Series 1 TB M.2-2280 PCIe 4.0 X4 NVME Solid State Drive (TM8FPY001T0C129),https://cdna.pcpartpicker.com/static/forever/images/product/93ce4aac177fcf6c97b2c2fee4353283.256p.jpg,https://pcpartpicker.com/product/2hQcCJ/teamgroup-t-force-cardea-a440-pro-special-series-1-tb-m2-2280-nvme-solid-state-drive-tm8fpy001t0c129,NVME,1000
storage,Timetec 35TTM8SSATA 1 TB M.2-2280 SATA Solid State Drive (35TTM8SSATA-1TB),https://upload.wikimedia.org/wikipedia/commons/thumb/a/ac/No_image_available.svg/256px-No_image_available.jpg,https://pcpartpicker.com/product/cHXJ7P/timetec-35ttm8ssata-1-tb-m2-2280-solid-state-drive-35ttm8ssata-1tb,NVME,1000
storage,Toshiba XG6 1 TB M.2-2280 PCIe 3.0 X4 NVME Solid State Drive (KXG6AZNV1T02),https://upload.wikimedia.org/wikipedia/commons/thumb/a/ac/No_image_available.svg/256px-No_image_available.jpg,https://pcpartpicker.com/product/2WH7YJ/toshiba-xg6-1-tb-m2-2280-nvme-solid-state-drive-kxg6aznv1t02,NVME,1000
storage,V7 V7SSD1TBM2SU 1 TB M.2-2280 SATA Solid State Drive (V7SSD1TBM2SU),https://upload.wikimedia.org/wikipedia/commons/thumb/a/ac/No_image_available.svg/256px-No_image_available.jpg,https://pcpartpicker.com/product/PncG3C/v7-v7ssd1tbm2su-1-tb-m2-2280-sata-solid-state-drive-v7ssd1tbm2su,NVME,1000
storage,Timetec 35TTTNGE4NVME-1TB 1 TB M.2-2280 PCIe 4.0 X4 NVME Solid State Drive (35TTTNGE4NVME-1TB),https://upload.wikimedia.org/wikipedia/commons/thumb/a/ac/No_image_available.svg/256px-No_image_available.jpg,https://pcpartpicker.com/product/XPXV3C/timetec-35tttnge4nvme-1tb-1-tb-m2-2280-pcie-40-x4-nvme-solid-state-drive-35tttnge4nvme-1tb,NVME,1000
storage,KIOXIA BG5 1 TB M.2-2230 PCIe 4.0 X4 NVME Solid State Drive (KBG50ZNS1T02),https://cdna.pcpartpicker.com/static/forever/images/product/32e4e803cd74b2f5971c3d004ff1ab4d.256p.jpg,https://pcpartpicker.com/product/q8QKHx/kioxia-bg5-1-tb-m2-2230-pcie-40-x4-nvme-solid-state-drive-kbg50zns1t02,NVME,1000
storage,KIOXIA BG5 SED 1 TB M.2-2230 PCIe 4.0 X4 NVME Solid State Drive (KBG5AZNS1T02),https://upload.wikimedia.org/wikipedia/commons/thumb/a/ac/No_image_available.svg/256px-No_image_available.jpg,https://pcpartpicker.com/product/KQdG3C/kioxia-bg5-sed-1-tb-m2-2230-pcie-40-x4-nvme-solid-state-drive-kbg5azns1t02,NVME,1000
storage,Leven JPN600 1 TB M.2-2280 PCIe 3.0 X4 NVME Solid State Drive (JPN600-1TB),https://upload.wikimedia.org/wikipedia/commons/thumb/a/ac/No_image_available.svg/256px-No_image_available.jpg,https://pcpartpicker.com/product/mR4Zxr/leven-jpn600-1-tb-m2-2280-pcie-30-x4-nvme-solid-state-drive-jpn600-1tb,NVME,1000
storage,Plextor M9Pe 1 TB M.2-2280 PCIe 3.0 X4 NVME Solid State Drive (PX-1TM9PeGN),https://cdna.pcpartpicker.com/static/forever/images/product/1bf9487a6b9f5a26eb87d2a1cf01f31d.256p.jpg,https://pcpartpicker.com/product/ckgzK8/plextor-m9pe-1tb-m2-2280-solid-state-drive-px-1tm9pegn,NVME,1000
storage,VisionTek PRO 1 TB M.2-2280 SATA Solid State Drive (901187),https://cdna.pcpartpicker.com/static/forever/images/product/ce55658531b4d48394340c41e1415f2c.256p.jpg,https://pcpartpicker.com/product/rbyV3C/visiontek-pro-1tb-m2-2280-solid-state-drive-901187,NVME,1000
storage,V7 V7SSD1TBNV3U 1 TB M.2-2280 PCIe 3.0 X4 NVME Solid State Drive (V7SSD1TBNV3U),https://cdna.pcpartpicker.com/static/forever/images/product/3e4b4e49024bd70b171741163e5e5ca0.256p.jpg,https://pcpartpicker.com/product/T2hFf7/v7-v7ssd1tbnv3u-1-tb-m2-2280-pcie-30-x4-nvme-solid-state-drive-v7ssd1tbnv3u,NVME,1000
storage,V7 V7SSD1TBNV4U 1 TB M.2-2280 PCIe 4.0 X4 NVME Solid State Drive (V7SSD1TBNV4U),https://upload.wikimedia.org/wikipedia/commons/thumb/a/ac/No_image_available.svg/256px-No_image_available.jpg,https://pcpartpicker.com/product/hg2WGX/v7-v7ssd1tbnv4u-1-tb-m2-2280-pcie-40-x4-nvme-solid-state-drive-v7ssd1tbnv4u,NVME,1000
storage,Fastro MS200 1 TB M.2-2280 PCIe 3.0 X4 NVME Solid State Drive (MS200100TTS),https://upload.wikimedia.org/wikipedia/commons/thumb/a/ac/No_image_available.svg/256px-No_image_available.jpg,https://pcpartpicker.com/product/nw92FT/fastro-ms200-1-tb-m2-2280-pcie-30-x4-nvme-solid-state-drive-ms200100tts,NVME,1000
storage,Fastro MS250 1 TB M.2-2280 PCIe 3.0 X4 NVME Solid State Drive (MS250100TTS),https://upload.wikimedia.org/wikipedia/commons/thumb/a/ac/No_image_available.svg/256px-No_image_available.jpg,https://pcpartpicker.com/product/LjfnTW/fastro-ms250-1-tb-m2-2280-pcie-30-x4-nvme-solid-state-drive-ms250100tts,NVME,1000
storage,Fastro MS300 1 TB M.2-2280 PCIe 4.0 X4 NVME Solid State Drive (MS300100TTI),https://upload.wikimedia.org/wikipedia/commons/thumb/a/ac/No_image_available.svg/256px-No_image_available.jpg,https://pcpartpicker.com/product/wjfnTW/fastro-ms300-1-tb-m2-2280-pcie-40-x4-nvme-solid-state-drive-ms300100tti,NVME,1000
storage,Mushkin Delta 1 TB M.2-2280 PCIe 4.0 X4 NVME Solid State Drive (MKNSSDDE1TB-D8),https://m.media-amazon.com/images/I/41H4ynhj5xS.jpg,https://pcpartpicker.com/product/ZTstt6/mushkin-delta-1-tb-m2-2280-pcie-40-x4-nvme-solid-state-drive-mknssdde1tb-d8,NVME,1000
storage,Leven JM600 1 TB M.2-2280 SATA Solid State Drive (JM600M2-22801TB),https://m.media-amazon.com/images/I/51VE-alnjhL.jpg,https://pcpartpicker.com/product/Qs6p99/leven-jm600-1-tb-m2-2280-sata-solid-state-drive-jm600m2-22801tb,NVME,1000
storage,ADATA LEGEND 800 GOLD 1 TB M.2-2280 PCIe 4.0 X4 NVME Solid State Drive (SLEG-800G-1000GCS-S38),https://upload.wikimedia.org/wikipedia/commons/thumb/a/ac/No_image_available.svg/256px-No_image_available.jpg,https://pcpartpicker.com/product/D99wrH/adata-legend-800-gold-1-tb-m2-2280-pcie-40-x4-nvme-solid-state-drive-sleg-800g-1000gcs-s38,NVME,1000
storage,Leven JPX600 PRO 1 TB M.2-2280 PCIe 4.0 X4 NVME Solid State Drive (JPX600PRO-1TB),https://upload.wikimedia.org/wikipedia/commons/thumb/a/ac/No_image_available.svg/256px-No_image_available.jpg,https://pcpartpicker.com/product/x8dG3C/leven-jpx600-pro-1-tb-m2-2280-pcie-40-x4-nvme-solid-state-drive-jpx600pro-1tb,NVME,1000
storage,Leven JPR700 1 TB M.2-2280 PCIe 3.0 X4 NVME Solid State Drive (JPR700-1TB),https://upload.wikimedia.org/wikipedia/commons/thumb/a/ac/No_image_available.svg/256px-No_image_available.jpg,https://pcpartpicker.com/product/j6hv6h/leven-jpr700-1-tb-m2-2280-pcie-30-x4-nvme-solid-state-drive-jpr700-1tb,NVME,1000
storage,Netac NV3000 RGB 1 TB M.2-2280 PCIe 3.0 X4 NVME Solid State Drive (NT01NV3000RGB-1T0-E4X),https://upload.wikimedia.org/wikipedia/commons/thumb/a/ac/No_image_available.svg/256px-No_image_available.jpg,https://pcpartpicker.com/product/F3tLrH/netac-nv3000-rgb-1-tb-m2-2280-pcie-30-x4-nvme-solid-state-drive-nt01nv3000rgb-1t0-e4x,NVME,1000
storage,Timetec 35TTTNGE4NVME-1TBH 1 TB M.2-2280 PCIe 4.0 X4 NVME Solid State Drive (35TTTNGE4NVME-1TBH),https://upload.wikimedia.org/wikipedia/commons/thumb/a/ac/No_image_available.svg/256px-No_image_available.jpg,https://pcpartpicker.com/product/gwcgXL/timetec-35tttnge4nvme-1tbh-1-tb-m2-2280-pcie-40-x4-nvme-solid-state-drive-35tttnge4nvme-1tbh,NVME,1000
storage,Timetec PINNACLE SD1-INDEX 1 TB M.2-2280 PCIe 4.0 X4 NVME Solid State Drive (35PNTDGE4NVMEGH-1TB),https://upload.wikimedia.org/wikipedia/commons/thumb/a/ac/No_image_available.svg/256px-No_image_available.jpg,https://pcpartpicker.com/product/QZwmP6/timetec-pinnacle-sd1-index-1-tb-m2-2280-pcie-40-x4-nvme-solid-state-drive-35pntdge4nvmegh-1tb,NVME,1000
storage,Inland TN446 1 TB M.2-2230 PCIe 4.0 X4 NVME Solid State Drive (1TB TN446),https://upload.wikimedia.org/wikipedia/commons/thumb/a/ac/No_image_available.svg/256px-No_image_available.jpg,https://pcpartpicker.com/product/CLsV3C/inland-tn446-1-tb-m2-2230-pcie-40-x4-nvme-solid-state-drive-1tb-tn446,NVME,1000
storage,VisionTek DLX4 Pro 1 TB M.2-2280 PCIe 4.0 X4 NVME Solid State Drive (901568),https://cdna.pcpartpicker.com/static/forever/images/product/37c6778236d46821e9b7dd0e094311e2.256p.jpg,https://pcpartpicker.com/product/TrvD4D/visiontek-dlx4-pro-1-tb-m2-2280-pcie-40-x4-nvme-solid-state-drive-901568,NVME,1000
storage,Addlink N50 1 TB M.2-2280 PCIe 3.0 X4 NVME Solid State Drive (ad1TBN50M2P),https://upload.wikimedia.org/wikipedia/commons/thumb/a/ac/No_image_available.svg/256px-No_image_available.jpg,https://pcpartpicker.com/product/W89wrH/addlink-n50-1-tb-m2-2280-pcie-30-x4-nvme-solid-state-drive-ad1tbn50m2p,NVME,1000
storage,AITC Kingsman KP800 1 TB M.2-2280 PCIe 4.0 X4 NVME Solid State Drive (AIKP800M1TB228),https://upload.wikimedia.org/wikipedia/commons/thumb/a/ac/No_image_available.svg/256px-No_image_available.jpg,https://pcpartpicker.com/product/nh7scf/aitc-kingsman-kp800-1-tb-m2-2280-pcie-40-x4-nvme-solid-state-drive-aikp800m1tb228,NVME,1000
storage,KIOXIA BG5 1 TB M.2-2280 PCIe 4.0 X4 NVME Solid State Drive (KBG50ZNV1T02),https://cdna.pcpartpicker.com/static/forever/images/product/cec5d3c206f6bc0bc00282cbb62d9c7d.256p.jpg,https://pcpartpicker.com/product/XqHqqs/kioxia-bg5-1-tb-m2-2280-pcie-40-x4-nvme-solid-state-drive-kbg50znv1t02,NVME,1000
storage,KIOXIA BG5 SED 1 TB M.2-2280 PCIe 4.0 X4 NVME Solid State Drive (KBG5AZNV1T02),https://upload.wikimedia.org/wikipedia/commons/thumb/a/ac/No_image_available.svg/256px-No_image_available.jpg,https://pcpartpicker.com/product/hLcgXL/kioxia-bg5-sed-1-tb-m2-2280-pcie-40-x4-nvme-solid-state-drive-kbg5aznv1t02,NVME,1000
storage,Leven JPS850 1 TB M.2-2280 PCIe 4.0 X4 NVME Solid State Drive (JPS850-1TB),https://upload.wikimedia.org/wikipedia/commons/thumb/a/ac/No_image_available.svg/256px-No_image_available.jpg,https://pcpartpicker.com/product/RMFmP6/leven-jps850-1-tb-m2-2280-pcie-40-x4-nvme-solid-state-drive-jps850-1tb,NVME,1000
storage,Inland TN325 1 TB M.2-2242 PCIe 3.0 X4 NVME Solid State Drive (1TB TN325),https://upload.wikimedia.org/wikipedia/commons/thumb/a/ac/No_image_available.svg/256px-No_image_available.jpg,https://pcpartpicker.com/product/qH4Zxr/inland-tn325-1-tb-m2-2242-pcie-30-x4-nvme-solid-state-drive-1tb-tn325,NVME,1000
storage,Netac NV7000-t 1 TB M.2-2280 PCIe 4.0 X4 NVME Solid State Drive (NT01NV7000t-1T0-E4X),https://upload.wikimedia.org/wikipedia/commons/thumb/a/ac/No_image_available.svg/256px-No_image_available.jpg,https://pcpartpicker.com/product/V4NYcf/netac-nv7000-t-1-tb-m2-2280-pcie-40-x4-nvme-solid-state-drive-nt01nv7000t-1t0-e4x,NVME,1000
storage,Western Digital PC SN740 Pyrite 1 TB M.2-2280 PCIe 4.0 X4 NVME Solid State Drive (SDDPNQD-1T00),https://upload.wikimedia.org/wikipedia/commons/thumb/a/ac/No_image_available.svg/256px-No_image_available.jpg,https://pcpartpicker.com/product/Wqhv6h/western-digital-pc-sn740-pyrite-1-tb-m2-2280-pcie-40-x4-nvme-solid-state-drive-sddpnqd-1t00,NVME,1000
storage,Western Digital PC SN740 Opal 1 TB M.2-2230 PCIe 4.0 X4 NVME Solid State Drive (SDDQTQD-1T00),https://upload.wikimedia.org/wikipedia/commons/thumb/a/ac/No_image_available.svg/256px-No_image_available.jpg,https://pcpartpicker.com/product/zTP8TW/western-digital-pc-sn740-opal-1-tb-m2-2230-pcie-40-x4-nvme-solid-state-drive-sddqtqd-1t00,NVME,1000
storage,V7 S6000 1 TB M.2-2280 SATA Solid State Drive (V7S6000M2-1000),https://cdna.pcpartpicker.com/static/forever/images/product/2d7bfb0a9c6198d402d246d9d5b7dcfe.256p.jpg,https://pcpartpicker.com/product/LrcRsY/v7-s6000-1-tb-m2-2280-sata-solid-state-drive-v7s6000m2-1000,NVME,1000
storage,VisionTek PRO XMN 1 TB M.2-2280 PCIe 3.0 X4 NVME Solid State Drive (901304),https://cdna.pcpartpicker.com/static/forever/images/product/16c7a23e569ebe4713f9e420472fd829.256p.jpg,https://pcpartpicker.com/product/ncGnTW/visiontek-pro-xmn-1-tb-m2-2280-nvme-solid-state-drive-901304,NVME,1000
storage,VisionTek PRO XPN 1 TB M.2-2280 PCIe 3.0 X4 NVME Solid State Drive (901307),https://cdna.pcpartpicker.com/static/forever/images/product/b458a328a1d1b0a4f064ace12100587d.256p.jpg,https://pcpartpicker.com/product/GKK2FT/visiontek-pro-xpn-1-tb-m2-2280-nvme-solid-state-drive-901307,NVME,1000
storage,Biostar M500 1 TB M.2-2280 PCIe 3.0 X2 NVME Solid State Drive (M500-1TB),https://upload.wikimedia.org/wikipedia/commons/thumb/a/ac/No_image_available.svg/256px-No_image_available.jpg,https://pcpartpicker.com/product/3wRgXL/biostar-m500-1-tb-m2-2280-nvme-solid-state-drive-m500-1tb,NVME,1000
storage,Apacer PPSS80 1 TB M.2-2280 SATA Solid State Drive (AP1TPPSS80-R),https://upload.wikimedia.org/wikipedia/commons/thumb/a/ac/No_image_available.svg/256px-No_image_available.jpg,https://pcpartpicker.com/product/RMZ9TW/apacer-ppss80-1-tb-m2-2280-solid-state-drive-ap1tppss80-r,NVME,1000
storage,Mushkin Gamma 1 TB M.2-2280 PCIe 4.0 X4 NVME Solid State Drive (MKNSSDGA1TB-D8),https://cdna.pcpartpicker.com/static/forever/images/product/36c4d36ad2a6e639c0eba7955952ea68.256p.jpg,https://pcpartpicker.com/product/fVbTwP/mushkin-gamma-1-tb-m2-2280-nvme-solid-state-drive-mknssdga1tb-d8,NVME,1000
storage,Apacer AS2280Q4 2 TB M.2-2280 PCIe 4.0 X4 NVME Solid State Drive (AP2TBAS2280Q4-1),https://cdna.pcpartpicker.com/static/forever/images/product/03f08a8d847342d8847df90f63742f6a.256p.jpg,https://pcpartpicker.com/product/mWD7YJ/apacer-as2280q4-2-tb-m2-2280-nvme-solid-state-drive-ap2tbas2280q4-1,NVME,1000
storage,Kingston KC3000 1.024 TB M.2-2280 PCIe 4.0 X4 NVME Solid State Drive (SKC3000S/1024G),https://m.media-amazon.com/images/I/31p3IUZV+ZL.jpg,https://pcpartpicker.com/product/ccFbt6/kingston-kc3000-1024-tb-m2-2280-nvme-solid-state-drive-skc3000s1024g,NVME,1000
storage,Intel 660p 1.02 TB M.2-2280 PCIe 3.0 X4 NVME Solid State Drive (SSDPEKNW010T8X1),https://cdna.pcpartpicker.com/static/forever/images/product/72ac6b04347d22c2592029d4a49bc5ed.256p.jpg,https://pcpartpicker.com/product/9nhKHx/intel-660p-series-1tb-m2-2280-solid-state-drive-ssdpeknw010t8x1,NVME,1000
storage,Patriot P310 1.92 TB M.2-2280 PCIe 3.0 X4 NVME Solid State Drive (P310P192TM28),https://cdna.pcpartpicker.com/static/forever/images/product/801dbd1ed500c1abe304c2841897d1c5.256p.jpg,https://pcpartpicker.com/product/vYqPxr/patriot-p310-192-tb-m2-2280-nvme-solid-state-drive-p310p192tm28,NVME,1000
storage,Enmotus FuzeDrive 1.55 TB M.2-2280 PCIe 3.0 X4 NVME Solid State Drive (P200-1600/128),https://m.media-amazon.com/images/I/41cF7WSOARL.jpg,https://pcpartpicker.com/product/kwzhP6/enmotus-fuzedrive-155-tb-m2-2280-nvme-solid-state-drive-p200-1600128,NVME,1000
storage,Integral M2 1.024 TB M.2-2280 PCIe 3.0 X4 NVME Solid State Drive (INSSD1TM280NM2),https://cdna.pcpartpicker.com/static/forever/images/product/fcca9ee8201c61dce668024606f7234a.256p.jpg,https://pcpartpicker.com/product/jXvD4D/integral-m2-1024-tb-m2-2280-pcie-30-x4-nvme-solid-state-drive-inssd1tm280nm2,NVME,1000
storage,Corsair MP510 1.92 TB M.2-2280 PCIe 3.0 X4 NVME Solid State Drive (CSSD-F1920GBMP510),https://cdna.pcpartpicker.com/static/forever/images/product/353c537be61fe06edf2d2baebaded2f3.256p.jpg,https://pcpartpicker.com/product/L7Jtt6/corsair-mp510-19tb-m2-2280-solid-state-drive-cssd-f1920gbmp510,NVME,1000
storage,Western Digital SN530 1.024 TB M.2-2280 PCIe 3.0 X4 NVME Solid State Drive (SDBPNPZ-1T00),https://upload.wikimedia.org/wikipedia/commons/thumb/a/ac/No_image_available.svg/256px-No_image_available.jpg,https://pcpartpicker.com/product/NmddnQ/western-digital-sn530-1024-tb-m2-2280-pcie-30-x4-nvme-solid-state-drive-sdbpnpz-1t00,NVME,1000
storage,Crucial MX300 1.05 TB M.2-2280 SATA Solid State Drive (CT1050MX300SSD4),https://m.media-amazon.com/images/I/41qpj9dnAQL.jpg,https://pcpartpicker.com/product/RKhj4D/crucial-mx300-11tb-m2-2280-solid-state-drive-ct1050mx300ssd4,NVME,1000
storage,Western Digital SN530 1.024 TB M.2-2242 PCIe 3.0 X4 NVME Solid State Drive (SDBPMPZ-1T00),https://upload.wikimedia.org/wikipedia/commons/thumb/a/ac/No_image_available.svg/256px-No_image_available.jpg,https://pcpartpicker.com/product/4Wnypg/western-digital-sn530-1024-tb-m2-2242-pcie-30-x4-nvme-solid-state-drive-sdbpmpz-1t00,NVME,1000
storage,Integral UltimaPro X2 1.92 TB M.2-2280 PCIe 3.0 X4 NVME Solid State Drive (INSSD1920GM280NUPX2),https://m.media-amazon.com/images/I/41rasQaFUuL.jpg,https://pcpartpicker.com/product/RsMTwP/integral-ultimapro-x2-192-tb-m2-2280-nvme-solid-state-drive-inssd1920gm280nupx2,NVME,1000
storage,Seagate Nytro Enterprise 1.92 TB M.2-22110 PCIe 3.0 X4 NVME Solid State Drive (XP1920LE30012),https://cdna.pcpartpicker.com/static/forever/images/product/b2deaf277ffa172e788b064678da8da4.256p.jpg,https://pcpartpicker.com/product/rz448d/seagate-nytro-enterprise-192-tb-m2-22110-solid-state-drive-xp1920le30012,NVME,1000
storage,Western Digital SN530 1.024 TB M.2-2230 PCIe 3.0 X4 NVME Solid State Drive (SDBPTPZ-1T00),https://m.media-amazon.com/images/I/519+zM8HWRL.jpg,https://pcpartpicker.com/product/Ch6p99/western-digital-sn530-1024-tb-m2-2230-pcie-30-x4-nvme-solid-state-drive-sdbptpz-1t00,NVME,1000
storage,Seagate IronWolf 510 1.92 TB M.2-2280 PCIe 3.0 X4 NVME Solid State Drive (ZP1920NM30011),https://cdna.pcpartpicker.com/static/forever/images/product/cc80440ee7ab40c213a5c46386fdd39b.256p.jpg,https://pcpartpicker.com/product/nJRgXL/seagate-ironwolf-510-192-tb-m2-2280-nvme-solid-state-drive-zp1920nm30011,NVME,1000
storage,Micron 7400 PRO 1.92 TB M.2-22110 PCIe 4.0 X4 NVME Solid State Drive (MTFDKBG1T9TDZ-1AZ1ZA),https://upload.wikimedia.org/wikipedia/commons/thumb/a/ac/No_image_available.svg/256px-No_image_available.jpg,https://pcpartpicker.com/product/J4LFf7/micron-7400-pro-192-tb-m2-22110-nvme-solid-state-drive-mtfdkbg1t9tdz-1az1za,NVME,1000
storage,Intel DC P4101 1.024 TB M.2-2280 PCIe 3.0 X4 NVME Solid State Drive (SSDPEKKA010T801),https://cdna.pcpartpicker.com/static/forever/images/product/a0efb6722f1d1604bad28f9592ff84fb.256p.jpg,https://pcpartpicker.com/product/RDYLrH/intel-dc-p4101-1024-tb-m2-2280-nvme-solid-state-drive-ssdpekka010t801,NVME,1000
storage,Western Digital SN530 SED 1.024 TB M.2-2280 PCIe 3.0 X4 NVME Solid State Drive (SDBQNPZ-1T00),https://upload.wikimedia.org/wikipedia/commons/thumb/a/ac/No_image_available.svg/256px-No_image_available.jpg,https://pcpartpicker.com/product/MNkWGX/western-digital-sn530-sed-1024-tb-m2-2280-pcie-30-x4-nvme-solid-state-drive-sdbqnpz-1t00,NVME,1000
storage,MyDigitalSSD BPX Pro 1.92 TB M.2-2280 PCIe 3.0 X4 NVME Solid State Drive (MDNVME80-BPXP-2T),https://images-eu.ssl-images-amazon.com/images/I/415SrM-fI4L.jpg,https://pcpartpicker.com/product/ZCXnTW/mydigitalssd-bpx-pro-192-tb-m2-2280-solid-state-drive-mdnvme80-bpxp-2t,NVME,1000
storage,Acer Predator GM7000 2 TB M.2-2280 PCIe 4.0 X4 NVME Solid State Drive (BL.9BWWR.106),https://m.media-amazon.com/images/I/31s5ADmcRXL.jpg,https://pcpartpicker.com/product/Mjstt6/acer-predator-gm7000-2-tb-m2-2280-nvme-solid-state-drive-bl9bwwr106,NVME,1000
storage,Acer Predator GM7000 4 TB M.2-2280 PCIe 4.0 X4 NVME Solid State Drive (BL.9BWWR.107),https://m.media-amazon.com/images/I/31pNi3mSVkL.jpg,https://pcpartpicker.com/product/bJV2FT/acer-predator-gm7000-4-tb-m2-2280-pcie-40-x4-nvme-solid-state-drive-bl9bwwr107,NVME,1000
storage,Micron 7400 PRO 3.84 TB M.2-22110 PCIe 4.0 X4 NVME Solid State Drive (MTFDKBG3T8TDZ-1AZ1ZA),https://cdna.pcpartpicker.com/static/forever/images/product/15fed0e78d3782634577b572f80e14fb.256p.jpg,https://pcpartpicker.com/product/vynypg/micron-7400-pro-384-tb-m2-22110-nvme-solid-state-drive-mtfdkbg3t8tdz-1az1za,NVME,1000
storage,Sabrent Rocket 2 TB M.2-2242 PCIe 3.0 X4 NVME Solid State Drive (SB-1342-2TB),https://m.media-amazon.com/images/I/41OAvLDqbkL.jpg,https://pcpartpicker.com/product/Y3ytt6/sabrent-rocket-2-tb-m2-2242-nvme-solid-state-drive-sb-1342-2tb,NVME,1000
storage,Acer FA100 2 TB M.2-2280 PCIe 3.0 X4 NVME Solid State Drive (BL.9BWWA.121),https://cdna.pcpartpicker.com/static/forever/images/product/60d221d6e296cb3a32b0080227dd4e7b.256p.jpg,https://pcpartpicker.com/product/nZNxFT/acer-fa100-2-tb-m2-2280-nvme-solid-state-drive-bl9bwwa121,NVME,1000
storage,Acer Predator GM7 2 TB M.2-2280 PCIe 4.0 X4 NVME Solid State Drive (BL.9BWWR.119),https://upload.wikimedia.org/wikipedia/commons/thumb/a/ac/No_image_available.svg/256px-No_image_available.jpg,https://pcpartpicker.com/product/4tQKHx/acer-predator-gm7-2-tb-m2-2280-pcie-40-x4-nvme-solid-state-drive-bl9bwwr119,NVME,1000
storage,Micron 2400 2 TB M.2-2230 PCIe 4.0 X4 NVME Solid State Drive (MTFDKBK2T0QFM-1BD1AABYYR),https://upload.wikimedia.org/wikipedia/commons/thumb/a/ac/No_image_available.svg/256px-No_image_available.jpg,https://pcpartpicker.com/product/y9NYcf/micron-2400-2-tb-m2-2230-pcie-40-x4-nvme-solid-state-drive-mtfdkbk2t0qfm-1bd1aabyyr,NVME,1000
storage,Samsung 980 Pro 2 TB M.2-2280 PCIe 4.0 X4 NVME Solid State Drive (MZ-V8P2T0B/AM),https://cdna.pcpartpicker.com/static/forever/images/product/3b2a91588d1a28bfa1b0184fb7f1c0a1.256p.jpg,https://pcpartpicker.com/product/f3cRsY/samsung-980-pro-2-tb-m2-2280-nvme-solid-state-drive-mz-v8p2t0bam,NVME,2000
storage,Samsung 990 Pro 2 TB M.2-2280 PCIe 4.0 X4 NVME Solid State Drive (MZ-V9P2T0BW),https://m.media-amazon.com/images/I/31LCbsmH4DL.jpg,https://pcpartpicker.com/product/34ytt6/samsung-990-pro-2-tb-m2-2280-pcie-40-x4-nvme-solid-state-drive-mz-v9p2t0bw,NVME,2000
storage,Samsung 970 Evo Plus 2 TB M.2-2280 PCIe 3.0 X4 NVME Solid State Drive (MZ-V7S2T0B/AM),https://cdna.pcpartpicker.com/static/forever/images/product/13eff9fb98909107806f62c493d3775f.256p.jpg,https://pcpartpicker.com/product/Fv8j4D/samsung-970-evo-plus-2-tb-m2-2280-nvme-solid-state-drive-mz-v7s2t0bam,NVME,2000
storage,Western Digital Black SN850X 2 TB M.2-2280 PCIe 4.0 X4 NVME Solid State Drive (WDS200T2X0E),https://cdna.pcpartpicker.com/static/forever/images/product/8e6dbae8a0f3c6572216c8758ce5a0b5.256p.jpg,https://pcpartpicker.com/product/crKKHx/western-digital-black-sn850x-2-tb-m2-2280-pcie-40-x4-nvme-solid-state-drive-wds200t2x0e,NVME,2000
storage,Kingston NV2 2 TB M.2-2280 PCIe 4.0 X4 NVME Solid State Drive (SNV2S/2000G),https://cdna.pcpartpicker.com/static/forever/images/product/f1af66b97ac908b094775b859ce9d33e.256p.jpg,https://pcpartpicker.com/product/3QXJ7P/kingston-nv2-2-tb-m2-2280-pcie-40-x4-nvme-solid-state-drive-snv2s2000g,NVME,2000
storage,Crucial P5 Plus 2 TB M.2-2280 PCIe 4.0 X4 NVME Solid State Drive (CT2000P5PSSD8),https://cdna.pcpartpicker.com/static/forever/images/product/43c2b68eaed9cd66fa6d7d71ee8e2756.256p.jpg,https://pcpartpicker.com/product/VZWzK8/crucial-p5-plus-2-tb-m2-2280-pcie-40-x4-nvme-solid-state-drive-ct2000p5pssd8,NVME,2000
storage,Western Digital Black SN770 2 TB M.2-2280 PCIe 4.0 X4 NVME Solid State Drive (WDS200T3X0E),https://m.media-amazon.com/images/I/310UZVOtlfL.jpg,https://pcpartpicker.com/product/4KRYcf/western-digital-2-tb-m2-2280-nvme-solid-state-drive-wds200t3x0e,NVME,2000
storage,Crucial P3 Plus 2 TB M.2-2280 PCIe 4.0 X4 NVME Solid State Drive (CT2000P3PSSD8),https://m.media-amazon.com/images/I/31nXTKlKQYL.jpg,https://pcpartpicker.com/product/yGZ9TW/crucial-p3-plus-2-tb-m2-2280-nvme-solid-state-drive-ct2000p3pssd8,NVME,2000
storage,Silicon Power A60 2 TB M.2-2280 PCIe 3.0 X4 NVME Solid State Drive (SP002TBP34A60M28),https://cdna.pcpartpicker.com/static/forever/images/product/0502d0e9177bf57189386f69ba859b0e.256p.jpg,https://pcpartpicker.com/product/VxfFf7/silicon-power-a60-2-tb-m2-2280-nvme-solid-state-drive-sp002tbp34a60m28,NVME,2000
storage,TEAMGROUP MP33 2 TB M.2-2280 PCIe 3.0 X4 NVME Solid State Drive (TM8FP6002T0C101),https://cdna.pcpartpicker.com/static/forever/images/product/b76335209ac689ef3ed00fdde8358acb.256p.jpg,https://pcpartpicker.com/product/C3xbt6/team-mp33-2-tb-m2-2280-nvme-solid-state-drive-tm8fp6002t0c101,NVME,2000
storage,Intel 670p 2 TB M.2-2280 PCIe 3.0 X4 NVME Solid State Drive (SSDPEKNU020TZX1),https://cdna.pcpartpicker.com/static/forever/images/product/913ae2c3487882fca74445284aa86573.256p.jpg,https://pcpartpicker.com/product/2vVmP6/intel-670p-2-tb-m2-2280-nvme-solid-state-drive-ssdpeknu020tzx1,NVME,2000
storage,Crucial P3 2 TB M.2-2280 PCIe 3.0 X4 NVME Solid State Drive (CT2000P3SSD8),https://cdna.pcpartpicker.com/static/forever/images/product/5b0cd518feacc76794f17f75745b2907.256p.jpg,https://pcpartpicker.com/product/dBBG3C/crucial-p3-2-tb-m2-2280-nvme-solid-state-drive-ct2000p3ssd8,NVME,2000
storage,Samsung 980 Pro w/Heatsink 2 TB M.2-2280 PCIe 4.0 X4 NVME Solid State Drive (MZ-V8P2T0CW),https://m.media-amazon.com/images/I/3122j6OiIML.jpg,https://pcpartpicker.com/product/fVC48d/samsung-980-pro-heatsink-2-tb-m2-2280-nvme-solid-state-drive-mz-v8p2t0cw,NVME,2000
storage,SK Hynix Platinum P41 2 TB M.2-2280 PCIe 4.0 X4 NVME Solid State Drive (SHPP41-2000GM-2),https://m.media-amazon.com/images/I/31TAUSyRkcL.jpg,https://pcpartpicker.com/product/yGTp99/sk-hynix-platinum-p41-2-tb-m2-2280-nvme-solid-state-drive-shpp41-2000gm-2,NVME,2000
storage,Sabrent Rocket 4 Plus 2 TB M.2-2280 PCIe 4.0 X4 NVME Solid State Drive (SB-RKT4P-2TB),https://cdna.pcpartpicker.com/static/forever/images/product/7152f778a27db871580c8c82e7de6347.256p.jpg,https://pcpartpicker.com/product/PMBhP6/sabrent-rocket-4-plus-2-tb-m2-2280-nvme-solid-state-drive-sb-rkt4p-2tb,NVME,2000
storage,Samsung 990 Pro w/Heatsink 2 TB M.2-2280 PCIe 4.0 X4 NVME Solid State Drive (MZ-V9P2T0CW),https://cdna.pcpartpicker.com/static/forever/images/product/ee5dce8b58c4c1e8661c97a35289d2fb.256p.jpg,https://pcpartpicker.com/product/7RQcCJ/samsung-990-pro-wheatsink-2-tb-m2-2280-pcie-40-x4-nvme-solid-state-drive-mz-v9p2t0cw,NVME,2000
storage,Western Digital Blue SN570 2 TB M.2-2280 PCIe 3.0 X4 NVME Solid State Drive (WDS200T3B0C),https://cdna.pcpartpicker.com/static/forever/images/product/373f32edfb3cefa279ed83823706f39e.256p.jpg,https://pcpartpicker.com/product/rr8bt6/western-digital-blue-sn570-2-tb-m2-2280-nvme-solid-state-drive-wds200t3b0c,NVME,2000
storage,Silicon Power UD90 2 TB M.2-2280 PCIe 4.0 X4 NVME Solid State Drive (SP02KGBP44UD9005),https://cdna.pcpartpicker.com/static/forever/images/product/664aadb9f84d7293d083671b43c1f898.256p.jpg,https://pcpartpicker.com/product/f4cG3C/silicon-power-ud90-2-tb-m2-2280-nvme-solid-state-drive-sp02kgbp44ud9005,NVME,2000
storage,Solidigm P41 Plus 2 TB M.2-2280 PCIe 4.0 X4 NVME Solid State Drive (SSDPFKNU020TZX1),https://cdna.pcpartpicker.com/static/forever/images/product/aafcbf420443bb76cfe6a8c174f447db.256p.jpg,https://pcpartpicker.com/product/RqTp99/solidigm-p41-plus-2-tb-m2-2280-pcie-40-x4-nvme-solid-state-drive-ssdpfknu020tzx1,NVME,2000
storage,Crucial T700 2 TB M.2-2280 PCIe 5.0 X4 NVME Solid State Drive (CT2000T700SSD3),https://cdna.pcpartpicker.com/static/forever/images/product/708ad07de98d1fb30d2435a7ef47b3ab.256p.jpg,https://pcpartpicker.com/product/8hkH99/crucial-t700-2-tb-m2-2280-pcie-50-x4-nvme-solid-state-drive-ct2000t700ssd3,NVME,2000
storage,MSI SPATIUM M570 HS 2 TB M.2-2280 PCIe 5.0 X4 NVME Solid State Drive (SM570N2TBH),https://cdna.pcpartpicker.com/static/forever/images/product/ddcb212f422daa8a51cd0a4e243d0144.256p.jpg,https://pcpartpicker.com/product/srMMnQ/msi-spatium-m570-hs-2-tb-m2-2280-pcie-50-x4-nvme-solid-state-drive-sm570n2tbh,NVME,2000
storage,Kingston Fury Renegade 2 TB M.2-2280 PCIe 4.0 X4 NVME Solid State Drive (SFYRD/2000G),https://cdna.pcpartpicker.com/static/forever/images/product/f53b8d7adbe5755ba2e272aa945f3517.256p.jpg,https://pcpartpicker.com/product/FyZ9TW/kingston-fury-renegade-2-tb-m2-2280-nvme-solid-state-drive-sfyrd2000g,NVME,2000
storage,Corsair MP600 CORE XT 2 TB M.2-2280 PCIe 4.0 X4 NVME Solid State Drive (CSSD-F2000GBMP600CXT),https://cdna.pcpartpicker.com/static/forever/images/product/72ef56a7a1e4daa2e550a57f9abcc9f1.256p.jpg,https://pcpartpicker.com/product/Zwhv6h/corsair-mp600-core-xt-2-tb-m2-2280-pcie-40-x4-nvme-solid-state-drive-cssd-f2000gbmp600cxt,NVME,2000
storage,Solidigm P44 Pro 2 TB M.2-2280 PCIe 4.0 X4 NVME Solid State Drive (SSDPFKKW020X7X1),https://cdna.pcpartpicker.com/static/forever/images/product/79f41cae02110c429bd9bb514130d169.256p.jpg,https://pcpartpicker.com/product/X8nypg/solidigm-p44-pro-2-tb-m2-2280-pcie-40-x4-nvme-solid-state-drive-ssdpfkkw020x7x1,NVME,2000
storage,TEAMGROUP MP44L 2 TB M.2-2280 PCIe 4.0 X4 NVME Solid State Drive (TM8FPK002T0C101),https://cdna.pcpartpicker.com/static/forever/images/product/54ce8af72e7d2a00dfe405da2cbf5313.256p.jpg,https://pcpartpicker.com/product/2VJgXL/teamgroup-mp44l-2-tb-m2-2280-pcie-40-x4-nvme-solid-state-drive-tm8fpk002t0c101,NVME,2000
storage,Seagate FireCuda 530 2 TB M.2-2280 PCIe 4.0 X4 NVME Solid State Drive (ZP2000GM3A013),https://cdna.pcpartpicker.com/static/forever/images/product/a82a914921d63165f8a7b096089ff91f.256p.jpg,https://pcpartpicker.com/product/wXJgXL/seagate-firecuda-530-2-tb-m2-2280-nvme-solid-state-drive-zp2000gm3a013,NVME,2000
storage,Leven JPS600 2 TB M.2-2280 PCIe 3.0 X4 NVME Solid State Drive (JPS600-2TB),https://m.media-amazon.com/images/I/41pQY8HA7VL.jpg,https://pcpartpicker.com/product/Dpgrxr/leven-jps600-2-tb-m2-2280-pcie-30-x4-nvme-solid-state-drive-jps600-2tb,NVME,2000
storage,Silicon Power UD85 2 TB M.2-2280 PCIe 4.0 X4 NVME Solid State Drive (SP02KGBP44UD8505),https://m.media-amazon.com/images/I/41Bmmi2Z8XL.jpg,https://pcpartpicker.com/product/XD3NnQ/silicon-power-ud85-2-tb-m2-2280-pcie-40-x4-nvme-solid-state-drive-sp02kgbp44ud8505,NVME,2000
storage,TEAMGROUP MP34 2 TB M.2-2280 PCIe 3.0 X4 NVME Solid State Drive (TM8FP4002T0C101),https://cdna.pcpartpicker.com/static/forever/images/product/d9fe68aa41ab7d2615be9c4348e417e8.256p.jpg,https://pcpartpicker.com/product/CYwypg/teamgroup-mp34-2-tb-m2-2280-nvme-solid-state-drive-tm8fp4002t0c101,NVME,2000
storage,ADATA XPG GAMMIX S70 Blade 2 TB M.2-2280 PCIe 4.0 X4 NVME Solid State Drive (AGAMMIXS70B-2T-CS),https://cdna.pcpartpicker.com/static/forever/images/product/2d68868977b8e25a495b4ab90039f57e.256p.jpg,https://pcpartpicker.com/product/qCqPxr/adata-xpg-gammix-s70-blade-2-tb-m2-2280-nvme-solid-state-drive-agammixs70b-2t-cs,NVME,2000
storage,Corsair MP700 2 TB M.2-2280 PCIe 5.0 X4 NVME Solid State Drive (CSSD-F2000GBMP700R2),https://cdna.pcpartpicker.com/static/forever/images/product/8f03083d4affdbfe576874c37cf26ebc.256p.jpg,https://pcpartpicker.com/product/JY9wrH/corsair-mp700-2-tb-m2-2280-pcie-50-x4-nvme-solid-state-drive-cssd-f2000gbmp700r2,NVME,2000
storage,Western Digital Black SN850X w/Heatsink 2 TB M.2-2280 PCIe 4.0 X4 NVME Solid State Drive (WDS200T2XHE),https://cdna.pcpartpicker.com/static/forever/images/product/57d6e2928f2118c8f26100caf36ab606.256p.jpg,https://pcpartpicker.com/product/sfwypg/western-digital-black-sn850x-with-heatsink-2-tb-m2-2280-nvme-solid-state-drive-wds200t2xhe,NVME,2000
storage,ADATA Legend 800 2 TB M.2-2280 PCIe 4.0 X4 NVME Solid State Drive (ALEG-800-2000GCS),https://cdna.pcpartpicker.com/static/forever/images/product/ac08cb11cbb317cac3805442bffdd8d0.256p.jpg,https://pcpartpicker.com/product/bzyH99/adata-legend-800-2-tb-m2-2280-pcie-40-x4-nvme-solid-state-drive-aleg-800-2000gcs,NVME,2000
storage,TEAMGROUP Cardea Zero Z440 2 TB M.2-2280 PCIe 4.0 X4 NVME Solid State Drive (TM8FP7002T0C311),https://cdna.pcpartpicker.com/static/forever/images/product/9242a3c7fbe85c232866f2766e5ab8a0.256p.jpg,https://pcpartpicker.com/product/Nb2bt6/team-cardea-zero-z440-2-tb-m2-2280-nvme-solid-state-drive-tm8fp7002t0c311,NVME,2000
storage,Corsair MP600 PRO XT 2 TB M.2-2280 PCIe 4.0 X4 NVME Solid State Drive (CSSD-F2000GBMP600PXT),https://cdna.pcpartpicker.com/static/forever/images/product/ac328a02345940892d1cb614d9a39273.256p.jpg,https://pcpartpicker.com/product/KVfnTW/corsair-mp600-pro-xt-2-tb-m2-2280-nvme-solid-state-drive-cssd-f2000gbmp600pxt,NVME,2000
storage,Silicon Power A80 2 TB M.2-2280 PCIe 3.0 X4 NVME Solid State Drive (SP002TBP34A80M28),https://cdna.pcpartpicker.com/static/forever/images/product/c7de1212bd34018b77cd9b402f4fd2e1.256p.jpg,https://pcpartpicker.com/product/J6ndnQ/silicon-power-a80-2-tb-m2-2280-nvme-solid-state-drive-sp002tbp34a80m28,NVME,2000
storage,Silicon Power XS70 2 TB M.2-2280 PCIe 4.0 X4 NVME Solid State Drive (SP02KGBP44XS7005),https://cdna.pcpartpicker.com/static/forever/images/product/b5c093326e7f16f0d34445e39316f0ea.256p.jpg,https://pcpartpicker.com/product/7R92FT/silicon-power-xs70-2-tb-m2-2280-pcie-40-x4-nvme-solid-state-drive-sp02kgbp44xs7005,NVME,2000
storage,MSI SPATIUM M461 2 TB M.2-2280 PCIe 4.0 X4 NVME Solid State Drive (SPATIUM M461 2TB),https://cdna.pcpartpicker.com/static/forever/images/product/ea4bedfb41d590aa801cbbcd535ab039.256p.jpg,https://pcpartpicker.com/product/9vfxFT/msi-spatium-m461-2-tb-m2-2280-pcie-40-x4-nvme-solid-state-drive-spatium-m461-2tb,NVME,2000
storage,Leven JPS800 2 TB M.2-2280 PCIe 4.0 X4 NVME Solid State Drive (JPS800-2TB),https://m.media-amazon.com/images/I/31AgFXNONGL.jpg,https://pcpartpicker.com/product/ysYRsY/leven-jps800-2-tb-m2-2280-pcie-40-x4-nvme-solid-state-drive-jps800-2tb,NVME,2000
storage,Sabrent Rocket 4.0 2 TB M.2-2280 PCIe 4.0 X4 NVME Solid State Drive (SB-ROCKET-NVMe4-2TB),https://m.media-amazon.com/images/I/41RJR3zG3sL.jpg,https://pcpartpicker.com/product/nXH8TW/sabrent-rocket-40-2-tb-m2-2280-solid-state-drive-sb-rocket-nvme4-2tb,NVME,2000
storage,ADATA Premium For PS5 2 TB M.2-2280 PCIe 4.0 X4 NVME Solid State Drive (APSFG-2T-CSUS),https://cdna.pcpartpicker.com/static/forever/images/product/9e0bf6a76029c6c1f7af681ef5c8d4c3.256p.jpg,https://pcpartpicker.com/product/rjkWGX/adata-premium-for-ps5-2-tb-m2-2280-nvme-solid-state-drive-apsfg-2t-csus,NVME,2000
storage,Crucial T700 W/Heatsink 2 TB M.2-2280 PCIe 5.0 X4 NVME Solid State Drive (CT2000T700SSD5),https://cdna.pcpartpicker.com/static/forever/images/product/aeb312f0e26355b4840393bd66b512cb.256p.jpg,https://pcpartpicker.com/product/72mNnQ/crucial-t700-wheatsink-2-tb-m2-2280-pcie-50-x4-nvme-solid-state-drive-ct2000t700ssd5,NVME,2000
storage,ADATA XPG SX8200 Pro 2 TB M.2-2280 PCIe 3.0 X4 NVME Solid State Drive (ASX8200PNP-2TT-C),https://cdna.pcpartpicker.com/static/forever/images/product/65573f9b81b272dcf0dd4904529460e5.256p.jpg,https://pcpartpicker.com/product/kQZzK8/adata-xpg-sx8200-pro-2-tb-m2-2280-nvme-solid-state-drive-asx8200pnp-2tt-c,NVME,2000
storage,MSI SPATIUM M470 2 TB M.2-2280 PCIe 4.0 X4 NVME Solid State Drive (SM470N2TB),https://cdna.pcpartpicker.com/static/forever/images/product/480b48bf99a88f117b6658a930cd6107.256p.jpg,https://pcpartpicker.com/product/B7nypg/msi-spatium-m470-2-tb-m2-2280-pcie-40-x4-nvme-solid-state-drive-sm470n2tb,NVME,2000
storage,Gigabyte AORUS Gen5 2 TB M.2-2280 PCIe 5.0 X4 NVME Solid State Drive (AG510K2TB),https://m.media-amazon.com/images/I/41SyePS4hFL.jpg,https://pcpartpicker.com/product/MBmNnQ/gigabyte-aorus-gen5-2-tb-m2-2280-pcie-50-x4-nvme-solid-state-drive-ag510k2tb,NVME,2000
storage,Lexar NM620 2 TB M.2-2280 PCIe 3.0 X4 NVME Solid State Drive (LNM620X002T-RNNNG),https://m.media-amazon.com/images/I/41KRORxr10L.jpg,https://pcpartpicker.com/product/dntLrH/lexar-nm620-2-tb-m2-2280-pcie-30-x4-nvme-solid-state-drive-lnm620x002t-rnnng,NVME,2000
storage,Gigabyte AORUS Gen4 2 TB M.2-2280 PCIe 4.0 X4 NVME Solid State Drive (GP-ASM2NE6200TTTD),https://cdna.pcpartpicker.com/static/forever/images/product/05f92bfac89c39f6204a970fd3877587.256p.jpg,https://pcpartpicker.com/product/QmPgXL/gigabyte-aorus-gen4-2-tb-m2-2280-pcie-40-x4-nvme-solid-state-drive-gp-asm2ne6200tttd,NVME,2000
storage,MSI SPATIUM M371 2 TB M.2-2280 PCIe 3.0 X4 NVME Solid State Drive (SPATIUM-M371-2TB),https://cdna.pcpartpicker.com/static/forever/images/product/187d7087935113a8341e8ecf6ce45ed4.256p.jpg,https://pcpartpicker.com/product/vbstt6/msi-spatium-m371-2-tb-m2-2280-pcie-30-x4-nvme-solid-state-drive-spatium-m371-2tb,NVME,2000
storage,Corsair MP600 PRO LPX 2 TB M.2-2280 PCIe 4.0 X4 NVME Solid State Drive (CSSD-F2000GBMP600PLP),https://cdna.pcpartpicker.com/static/forever/images/product/ef068b02619c4350195aec43edde2c52.256p.jpg,https://pcpartpicker.com/product/gTRYcf/corsair-mp600-pro-lpx-2-tb-m2-2280-nvme-solid-state-drive-cssd-f2000gbmp600plp,NVME,2000
storage,TEAMGROUP MP33 PRO 2 TB M.2-2280 PCIe 3.0 X4 NVME Solid State Drive (TM8FPD002T0C101),https://cdna.pcpartpicker.com/static/forever/images/product/a935a0ee3c64c4713d9b0e4beeb8e2d8.256p.jpg,https://pcpartpicker.com/product/Gs7G3C/team-mp33-pro-2-tb-m2-2280-nvme-solid-state-drive-tm8fpd002t0c101,NVME,2000
storage,MSI SPATIUM M450 2 TB M.2-2280 PCIe 4.0 X4 NVME Solid State Drive (SM450N2TB),https://cdna.pcpartpicker.com/static/forever/images/product/5871e74c3d194e9df289166a2e6a0f36.256p.jpg,https://pcpartpicker.com/product/p3mNnQ/msi-spatium-m450-2-tb-m2-2280-pcie-40-x4-nvme-solid-state-drive-sm450n2tb,NVME,2000
storage,Western Digital Green SN350 2 TB M.2-2280 PCIe 3.0 X4 NVME Solid State Drive (WDS200T3G0C),https://cdna.pcpartpicker.com/static/forever/images/product/8958ec7c7803a678c5f2870d7b0245c5.256p.jpg,https://pcpartpicker.com/product/BJBG3C/western-digital-green-sn350-2-tb-m2-2280-nvme-solid-state-drive-wds200t3g0c,NVME,2000
storage,Corsair MP600 PRO NH 2 TB M.2-2280 PCIe 4.0 X4 NVME Solid State Drive (CSSD-F2000GBMP600PNH),https://cdna.pcpartpicker.com/static/forever/images/product/b9354d5f408a8a8f84148d0dc78cf2e2.256p.jpg,https://pcpartpicker.com/product/z2pzK8/corsair-mp600-pro-nh-2-tb-m2-2280-pcie-40-x4-nvme-solid-state-drive-cssd-f2000gbmp600pnh,NVME,2000
storage,Samsung 970 Evo 2 TB M.2-2280 PCIe 3.0 X4 NVME Solid State Drive (MZ-V7E2T0BW),https://cdna.pcpartpicker.com/static/forever/images/product/09a31f32abb3daaf5ed9b849bd60e675.256p.jpg,https://pcpartpicker.com/product/vMMwrH/samsung-970-evo-20tb-m2-2280-solid-state-drive-mz-v7e2t0bw,NVME,2000
storage,Lexar NM790 2 TB M.2-2280 PCIe 4.0 X4 NVME Solid State Drive (LNM790X002T-RNNNG),https://cdna.pcpartpicker.com/static/forever/images/product/496a72c7b0963d48aff4970b5407c89f.256p.jpg,https://pcpartpicker.com/product/TspQzy/lexar-nm790-2-tb-m2-2280-pcie-40-x4-nvme-solid-state-drive-lnm790x002t-rnnng,NVME,2000
storage,PNY CS1030 2 TB M.2-2280 PCIe 3.0 X4 NVME Solid State Drive (M280CS1030-2TB-RB),https://cdna.pcpartpicker.com/static/forever/images/product/4dc9f5fe909a995df743f3eee4584542.256p.jpg,https://pcpartpicker.com/product/74yqqs/pny-cs1030-2-tb-m2-2280-nvme-solid-state-drive-m280cs1030-2tb-rb,NVME,2000
storage,Samsung 960 Pro 2 TB M.2-2280 PCIe 3.0 X4 NVME Solid State Drive (MZ-V6P2T0BW),https://cdna.pcpartpicker.com/static/forever/images/product/4b2cc1a1e4dd3c64185902374eda1ccf.256p.jpg,https://pcpartpicker.com/product/FcGj4D/samsung-960-pro-20tb-m2-2280-solid-state-drive-mz-v6p2t0bw,NVME,2000
storage,Corsair MP600 2 TB M.2-2280 PCIe 4.0 X4 NVME Solid State Drive (CSSD-F2000GBMP600R2),https://cdna.pcpartpicker.com/static/forever/images/product/c1c8a2323f2c0acdfa387f8c051fc31f.256p.jpg,https://pcpartpicker.com/product/QkNxFT/corsair-mp600-2-tb-m2-2280-nvme-solid-state-drive-cssd-f2000gbmp600r2,NVME,2000
storage,Sabrent Rocket 4 Plus G 2 TB M.2-2280 PCIe 4.0 X4 NVME Solid State Drive (SB-RKTG-2TB),https://m.media-amazon.com/images/I/41sk1UM19hL.jpg,https://pcpartpicker.com/product/NMqPxr/sabrent-rocket-4-plus-g-2-tb-m2-2280-pcie-40-x4-nvme-solid-state-drive-sb-rktg-2tb,NVME,2000
storage,Western Digital Blue 2 TB M.2-2280 SATA Solid State Drive (WDS200T2B0B),https://cdna.pcpartpicker.com/static/forever/images/product/934b03245c9772e668213ce23429bd1a.256p.jpg,https://pcpartpicker.com/product/CXvbt6/western-digital-blue-2tb-m2-2280-solid-state-drive-wds200t2b0b,NVME,2000
storage,Western Digital Black SN850 2 TB M.2-2280 PCIe 4.0 X4 NVME Solid State Drive (WDS200T1X0E),https://cdna.pcpartpicker.com/static/forever/images/product/d54938a88ad375113bb71ada129e2e8c.256p.jpg,https://pcpartpicker.com/product/6LGnTW/western-digital-black-sn850-2-tb-m2-2280-nvme-solid-state-drive-wds200t1x0e,NVME,2000
storage,SK Hynix ‎SHGP31-2000GM-2 2 TB M.2-2280 PCIe 3.0 X4 NVME Solid State Drive (SHGP31-2000GM-2),https://upload.wikimedia.org/wikipedia/commons/thumb/a/ac/No_image_available.svg/256px-No_image_available.jpg,https://pcpartpicker.com/product/NLbTwP/sk-hynix-gold-p31-2-tb-m2-2280-nvme-solid-state-drive-shgp31-2000gm-2,NVME,2000
storage,Lexar NM710 2 TB M.2-2280 PCIe 4.0 X4 NVME Solid State Drive (LNM710X002T-RNNNG),https://m.media-amazon.com/images/I/41Sre26GwBL.jpg,https://pcpartpicker.com/product/mPXV3C/lexar-nm710-2-tb-m2-2280-pcie-40-x4-nvme-solid-state-drive-lnm710x002t-rnnng,NVME,2000
storage,MSI SPATIUM M480 2 TB M.2-2280 PCIe 4.0 X4 NVME Solid State Drive (SM480N2TB),https://cdna.pcpartpicker.com/static/forever/images/product/65191cc3ee3e960ec9f353a76ee20235.256p.jpg,https://pcpartpicker.com/product/Zjstt6/msi-spatium-m480-2-tb-m2-2280-nvme-solid-state-drive-sm480n2tb,NVME,2000
storage,PNY CS1031 2 TB M.2-2280 PCIe 3.0 X4 NVME Solid State Drive (M280CS1031-2TB-CL),https://m.media-amazon.com/images/I/31eD8gv7bSL.jpg,https://pcpartpicker.com/product/YYJp99/pny-cs1031-2-tb-m2-2280-pcie-30-x4-nvme-solid-state-drive-m280cs1031-2tb-cl,NVME,2000
storage,Seagate FireCuda 540 2 TB M.2-2280 PCIe 5.0 X4 NVME Solid State Drive (ZP2000GM3A004),https://cdna.pcpartpicker.com/static/forever/images/product/f40cbd5c8d9acdb926d53cf83448bb4a.256p.jpg,https://pcpartpicker.com/product/pkwmP6/seagate-firecuda-540-2-tb-m2-2280-pcie-50-x4-nvme-solid-state-drive-zp2000gm3a004,NVME,2000
storage,PNY CS2140 2 TB M.2-2280 PCIe 4.0 X4 NVME Solid State Drive (M280CS2140-2TB-RB),https://cdna.pcpartpicker.com/static/forever/images/product/d46e6931e1bc0a97166ac4efa9eb0f94.256p.jpg,https://pcpartpicker.com/product/x8VmP6/pny-cs2140-2-tb-m2-2280-nvme-solid-state-drive-m280cs2140-2tb-rb,NVME,2000
storage,TEAMGROUP T-Force Cardea Z44Q 2 TB M.2-2280 PCIe 4.0 X4 NVME Solid State Drive (TM8FPQ002T0C327),https://cdna.pcpartpicker.com/static/forever/images/product/9b86546d772413b7aeb7eb59b88606cf.256p.jpg,https://pcpartpicker.com/product/pJ3gXL/teamgroup-t-force-cardea-z44q-2-tb-m2-2280-nvme-solid-state-drive-tm8fpq002t0c327,NVME,2000
storage,Sabrent Rocket Q4 2 TB M.2-2280 PCIe 4.0 X4 NVME Solid State Drive (SB-RKTQ4-HTSS-2TB),https://cdna.pcpartpicker.com/static/forever/images/product/2875b35de8c631800fb8a169e980aca7.256p.jpg,https://pcpartpicker.com/product/LMbTwP/sabrent-rocket-q4-2-tb-m2-2280-nvme-solid-state-drive-sb-rktq4-htss-2tb,NVME,2000
storage,Crucial P2 2 TB M.2-2280 PCIe 3.0 X4 NVME Solid State Drive (CT2000P2SSD8),https://cdna.pcpartpicker.com/static/forever/images/product/b6d18344cd27c22109c45e54a9c7d86d.256p.jpg,https://pcpartpicker.com/product/QggQzy/crucial-p2-2-tb-m2-2280-nvme-solid-state-drive-ct2000p2ssd8,NVME,2000
storage,Inland QN322 2 TB M.2-2280 PCIe 3.0 X4 NVME Solid State Drive (2TB QN322 NVME),https://m.media-amazon.com/images/I/41xETAFdgyL.jpg,https://pcpartpicker.com/product/YmYmP6/inland-qn322-2-tb-m2-2280-pcie-30-x4-nvme-solid-state-drive-2tb-qn322-nvme,NVME,2000
storage,Seagate FireCuda 520 2 TB M.2-2280 PCIe 4.0 X4 NVME Solid State Drive (ZP2000GM3A002),https://cdna.pcpartpicker.com/static/forever/images/product/3a7b9a069c847e509654192111742930.256p.jpg,https://pcpartpicker.com/product/vMFKHx/seagate-firecuda-520-2-tb-m2-2280-nvme-solid-state-drive-zp2000gm3a002,NVME,2000
storage,TEAMGROUP T-Force Cardea A440 Pro 2 TB M.2-2280 PCIe 4.0 X4 NVME Solid State Drive (TM8FPR002T0C129),https://cdna.pcpartpicker.com/static/forever/images/product/4ccb73baed8f94574445976fdb82509d.256p.jpg,https://pcpartpicker.com/product/CdYmP6/teamgroup-t-force-cardea-a440-pro-2-tb-m2-2280-nvme-solid-state-drive-tm8fpr002t0c129,NVME,2000
storage,Corsair MP600 PRO 2 TB M.2-2280 PCIe 4.0 X4 NVME Solid State Drive (CSSD-F2000GBMP600PRO),https://cdna.pcpartpicker.com/static/forever/images/product/0f92e5491db1cf71dc84aedec200ab4a.256p.jpg,https://pcpartpicker.com/product/mFJmP6/corsair-mp600-pro-2-tb-m2-2280-nvme-solid-state-drive-cssd-f2000gbmp600pro,NVME,2000
storage,Mushkin Vortex Redline 2 TB M.2-2280 PCIe 4.0 X4 NVME Solid State Drive (MKNSSDVT2TB-D8),https://cdna.pcpartpicker.com/static/forever/images/product/f8e9f0d8957ae41fc34ae62ae2ece25c.256p.jpg,https://pcpartpicker.com/product/Fw4Ycf/mushkin-vortex-redline-2-tb-m2-2280-nvme-solid-state-drive-mknssdvt2tb-d8,NVME,2000
storage,Seagate FireCuda 530 w/Heatsink 2 TB M.2-2280 PCIe 4.0 X4 NVME Solid State Drive (ZP2000GM3A023),https://cdna.pcpartpicker.com/static/forever/images/product/fa89003543a0cc4295d8c6caf4195d3e.256p.jpg,https://pcpartpicker.com/product/DNxRsY/seagate-firecuda-530-wheatsink-2-tb-m2-2280-pcie-40-x4-nvme-solid-state-drive-zp2000gm3a023,NVME,2000
storage,Corsair MP600 PRO LPX 2 TB M.2-2280 PCIe 4.0 X4 NVME Solid State Drive (CSSD-F2000GBMP600PLPW),https://cdna.pcpartpicker.com/static/forever/images/product/683558d76ff8c4a769635cf305fc9c4c.256p.jpg,https://pcpartpicker.com/product/cXHqqs/corsair-mp600-pro-lpx-2-tb-m2-2280-pcie-40-x4-nvme-solid-state-drive-cssd-f2000gbmp600plpw,NVME,2000
storage,Western Digital Black SN750 2 TB M.2-2280 PCIe 3.0 X4 NVME Solid State Drive (WDS200T3XHC),https://cdna.pcpartpicker.com/static/forever/images/product/1b8dfbf3066b1887a595ab45940a47d7.256p.jpg,https://pcpartpicker.com/product/9zQG3C/western-digital-wd_black-sn750-2-tb-m2-2280-nvme-solid-state-drive-wds200t3xhc,NVME,2000
storage,Silicon Power P34A80 2 TB M.2-2280 PCIe 3.0 X4 NVME Solid State Drive (SU002TBP34A80M28AB),https://m.media-amazon.com/images/I/41oSTESsn9L.jpg,https://pcpartpicker.com/product/Jm7G3C/silicon-power-p34a80-2-tb-m2-2280-nvme-solid-state-drive-su002tbp34a80m28ab,NVME,2000
storage,ADATA Legend 960 2 TB M.2-2280 PCIe 4.0 X4 NVME Solid State Drive (ALEG-960-2TCS),https://m.media-amazon.com/images/I/314wBvwCrlL.jpg,https://pcpartpicker.com/product/3CjBD3/adata-legend-960-2-tb-m2-2280-pcie-40-x4-nvme-solid-state-drive-aleg-960-2tcs,NVME,2000
storage,Corsair MP600 GS 2 TB M.2-2280 PCIe 4.0 X4 NVME Solid State Drive (CSSD-F2000GBMP600GS),https://cdna.pcpartpicker.com/static/forever/images/product/07895a35457b578b7cf53577f86eefbc.256p.jpg,https://pcpartpicker.com/product/WMqPxr/corsair-mp600-gs-2-tb-m2-2280-pcie-40-x4-nvme-solid-state-drive-cssd-f2000gbmp600gs,NVME,2000
storage,Gigabyte AORUS Gen4 7300 2 TB M.2-2280 PCIe 4.0 X4 NVME Solid State Drive (AG4732TB),https://cdna.pcpartpicker.com/static/forever/images/product/13ca4d4a010106a48ee73a15e9022d11.256p.jpg,https://pcpartpicker.com/product/gCyH99/gigabyte-aorus-gen4-7300-2-tb-m2-2280-pcie-40-x4-nvme-solid-state-drive-ag4732tb,NVME,2000
storage,Inland Performance Plus 2 TB M.2-2280 PCIe 4.0 X4 NVME Solid State Drive (329466),https://m.media-amazon.com/images/I/41Ei-JVGAmL.jpg,https://pcpartpicker.com/product/cqZ9TW/inland-performance-plus-2-tb-m2-2280-nvme-solid-state-drive-329466,NVME,2000
storage,Kingston Fury Renegade with Heat Sink 2 TB M.2-2280 PCIe 4.0 X4 NVME Solid State Drive (SFYRDK/2000G),https://cdna.pcpartpicker.com/static/forever/images/product/fffe1ba051b880e726abe0550d5fe502.256p.jpg,https://pcpartpicker.com/product/Csytt6/kingston-fury-renegade-with-heat-sink-2-tb-m2-2280-pcie-40-x4-nvme-solid-state-drive-sfyrdk2000g,NVME,2000
storage,Mushkin Tempest 2 TB M.2-2280 PCIe 3.0 X4 NVME Solid State Drive (MKNSSDTS2TB-D8),https://m.media-amazon.com/images/I/21KYk9hGH+L.jpg,https://pcpartpicker.com/product/TcWzK8/mushkin-tempest-2-tb-m2-2280-pcie-30-x4-nvme-solid-state-drive-mknssdts2tb-d8,NVME,2000
storage,TEAMGROUP Cardea A440 2 TB M.2-2280 PCIe 4.0 X4 NVME Solid State Drive (TM8FPZ002T0C327),https://m.media-amazon.com/images/I/313IxaDrKjL.jpg,https://pcpartpicker.com/product/W9cG3C/team-cardea-a440-2-tb-m2-2280-nvme-solid-state-drive-tm8fpz002t0c327,NVME,2000
storage,MSI SPATIUM M480 PLAY 2 TB M.2-2280 PCIe 4.0 X4 NVME Solid State Drive (S78-440Q300-P83),https://m.media-amazon.com/images/I/41mmYVxCGxL.jpg,https://pcpartpicker.com/product/xGKKHx/msi-spatium-m480-play-2-tb-m2-2280-pcie-40-x4-nvme-solid-state-drive-s78-440q300-p83,NVME,2000
storage,Western Digital WD_BLACK SN850P for PS5 2 TB M.2-2280 PCIe 4.0 X4 NVME Solid State Drive (WDBBYV0020BNC-WRSN),https://cdna.pcpartpicker.com/static/forever/images/product/40b92d454cb0328b42a7033a771def65.256p.jpg,https://pcpartpicker.com/product/XJwmP6/western-digital-wd_black-sn850p-for-ps5-2-tb-m2-2280-pcie-40-x4-nvme-solid-state-drive-wdbbyv0020bnc-wrsn,NVME,2000
storage,ADATA XPG SPECTRIX S40G RGB 2 TB M.2-2280 PCIe 3.0 X4 NVME Solid State Drive (AS40G-2TT-C),https://cdna.pcpartpicker.com/static/forever/images/product/43e8d7f948dad74e351811c42037cf0f.256p.jpg,https://pcpartpicker.com/product/K7FKHx/adata-xpg-spectrix-s40g-rgb-2-tb-m2-2280-nvme-solid-state-drive-as40g-2tt-c,NVME,2000
storage,Patriot Viper VP4300 2 TB M.2-2280 PCIe 4.0 X4 NVME Solid State Drive (VP4300-2TBM28H),https://m.media-amazon.com/images/I/311eVM5PaPS.jpg,https://pcpartpicker.com/product/xW3gXL/patriot-viper-vp4300-2-tb-m2-2280-nvme-solid-state-drive-vp4300-2tbm28h,NVME,2000
storage,Sabrent Rocket 2 TB M.2-2280 PCIe 3.0 X4 NVME Solid State Drive (SB-ROCKET-2TB),https://cdna.pcpartpicker.com/static/forever/images/product/c278abc0de9129f72449a4a708053101.256p.jpg,https://pcpartpicker.com/product/LxXnTW/sabrent-2-tb-m2-2280-solid-state-drive-sb-rocket-2tb,NVME,2000
storage,Gigabyte AORUS Gen4 7000s 2 TB M.2-2280 PCIe 4.0 X4 NVME Solid State Drive (GP-AG70S2TB),https://cdna.pcpartpicker.com/static/forever/images/product/c4cde2be435d217826a3d3e69a76b6f8.256p.jpg,https://pcpartpicker.com/product/cpgFf7/gigabyte-aorus-gen4-7000s-2-tb-m2-2280-nvme-solid-state-drive-gp-ag70s2tb,NVME,2000
storage,Corsair MP600 Force Series Gen4 2 TB M.2-2280 PCIe 3.0 X4 NVME Solid State Drive (CSSD-F2000GBMP600),https://cdna.pcpartpicker.com/static/forever/images/product/2ccd93e659b06e8eceb633822da0c606.256p.jpg,https://pcpartpicker.com/product/qCmFf7/corsair-mp600-force-series-gen4-2-tb-m2-2280-solid-state-drive-cssd-f2000gbmp600,NVME,2000
storage,MSI SPATIUM M480 HS 2 TB M.2-2280 PCIe 4.0 X4 NVME Solid State Drive (S78-440Q100-P83),https://cdna.pcpartpicker.com/static/forever/images/product/165f0bbb2d2aa3403b70b4cf83ba5fc6.256p.jpg,https://pcpartpicker.com/product/mqcG3C/msi-spatium-m480-hs-2-tb-m2-2280-pcie-40-x4-nvme-solid-state-drive-s78-440q100-p83,NVME,2000
storage,Inland TD510 2 TB M.2-2280 PCIe 5.0 X4 NVME Solid State Drive (2TB TD510 NVME),https://m.media-amazon.com/images/I/410zqAx038L.jpg,https://pcpartpicker.com/product/2f88TW/inland-td510-2-tb-m2-2280-pcie-50-x4-nvme-solid-state-drive-2tb-td510-nvme,NVME,2000
storage,Mushkin Vortex-LX 2 TB M.2-2280 PCIe 4.0 X4 NVME Solid State Drive (MKNSSDVL2TB-D8),https://m.media-amazon.com/images/I/21sW2uWFhaL.jpg,https://pcpartpicker.com/product/BbjRsY/mushkin-vortex-lx-2-tb-m2-2280-pcie-40-x4-nvme-solid-state-drive-mknssdvl2tb-d8,NVME,2000
storage,Western Digital Black SN750 2 TB M.2-2280 PCIe 3.0 X4 NVME Solid State Drive (WDS200T3X0C),https://cdna.pcpartpicker.com/static/forever/images/product/c14c522355958df4ee98cd0744c7f8f0.256p.jpg,https://pcpartpicker.com/product/Fkprxr/western-digital-wd_black-sn750-2-tb-m2-2280-nvme-solid-state-drive-wds200t3x0c,NVME,2000
storage,Sabrent Rocket Q 2 TB M.2-2280 PCIe 3.0 X4 NVME Solid State Drive (SB-RKTQ-2TB),https://m.media-amazon.com/images/I/41QD7-KX5oL.jpg,https://pcpartpicker.com/product/MTFKHx/sabrent-rocket-q-2-tb-m2-2280-nvme-solid-state-drive-sb-rktq-2tb,NVME,2000
storage,Lexar Professional NM800PRO 2 TB M.2-2280 PCIe 4.0 X4 NVME Solid State Drive (LNM800P002T-RNNNG),https://cdna.pcpartpicker.com/static/forever/images/product/dcde34ef19c882cb85d8ded815cd213c.256p.jpg,https://pcpartpicker.com/product/PDt9TW/lexar-professional-nm800pro-2-tb-m2-2280-nvme-solid-state-drive-lnm800p002t-rnnng,NVME,2000
storage,Western Digital Blue SN550 2 TB M.2-2280 PCIe 3.0 X4 NVME Solid State Drive (WDS200T2B0C),https://cdna.pcpartpicker.com/static/forever/images/product/013a85e95fb77410caa6f0fc19590f1e.256p.jpg,https://pcpartpicker.com/product/zNK2FT/western-digital-blue-sn550-2-tb-m2-2280-nvme-solid-state-drive-wds200t2b0c,NVME,2000
storage,MSI SPATIUM M390 2 TB M.2-2280 PCIe 3.0 X4 NVME Solid State Drive (SM390N2TB),https://cdna.pcpartpicker.com/static/forever/images/product/dc0df5c5e4125385363fd4df17129c53.256p.jpg,https://pcpartpicker.com/product/q7VmP6/msi-spatium-m390-2-tb-m2-2280-nvme-solid-state-drive-sm390n2tb,NVME,2000
storage,Leven JPR700 2 TB M.2-2280 PCIe 3.0 X4 NVME Solid State Drive (JPR700-2TB),https://m.media-amazon.com/images/I/41WImx9kRSL.jpg,https://pcpartpicker.com/product/zJxxFT/leven-jpr700-2-tb-m2-2280-pcie-30-x4-nvme-solid-state-drive-jpr700-2tb,NVME,2000
storage,PNY CS3140 2 TB M.2-2280 PCIe 4.0 X4 NVME Solid State Drive (M280CS3140-2TB-RB),https://cdna.pcpartpicker.com/static/forever/images/product/db1085bdaa2c570cfda7cdc4bade984e.256p.jpg,https://pcpartpicker.com/product/6HGbt6/pny-cs3140-2-tb-m2-2280-nvme-solid-state-drive-m280cs3140-2tb-rb,NVME,2000
storage,PNY XLR8 CS3040 2 TB M.2-2280 PCIe 4.0 X4 NVME Solid State Drive (M280CS3040-2TB-RB),https://cdna.pcpartpicker.com/static/forever/images/product/e56fee327e6d72771db2dad0c6e4349f.256p.jpg,https://pcpartpicker.com/product/WRGbt6/pny-xlr8-cs03040-2-tb-m2-2280-nvme-solid-state-drive-m280cs3040-2tb-rb,NVME,2000
storage,Crucial P5 2 TB M.2-2280 PCIe 3.0 X4 NVME Solid State Drive (CT2000P5SSD8),https://cdna.pcpartpicker.com/static/forever/images/product/2bbf0fbdd30ca2d3f6e09220f422a6cb.256p.jpg,https://pcpartpicker.com/product/dYCFf7/crucial-p5-2-tb-m2-2280-nvme-solid-state-drive-ct2000p5ssd8,NVME,2000
storage,TEAMGROUP T-Create Classic 2 TB M.2-2280 PCIe 3.0 X4 NVME Solid State Drive (TM8FPE002T0C611),https://cdna.pcpartpicker.com/static/forever/images/product/1be90564f542f5c92986ae57c3947d07.256p.jpg,https://pcpartpicker.com/product/q78bt6/teamgroup-t-create-classic-2-tb-m2-2280-nvme-solid-state-drive-tm8fpe002t0c611,NVME,2000
storage,Western Digital Black SN850 w/Heatsink 2 TB M.2-2280 PCIe 4.0 X4 NVME Solid State Drive (WDS200T1XHE),https://cdna.pcpartpicker.com/static/forever/images/product/82ae03f2b4a2b03e374b05d0a64774c7.256p.jpg,https://pcpartpicker.com/product/JJYQzy/western-digital-black-sn850-wheatsink-2-tb-m2-2280-pcie-40-x4-nvme-solid-state-drive-wds200t1xhe,NVME,2000
storage,PNY XLR8 CS3030 2 TB M.2-2280 PCIe 3.0 X4 NVME Solid State Drive (M280CS3030-2TB-RB),https://cdna.pcpartpicker.com/static/forever/images/product/acdbc5acf8fda19b07da2e62066ef05c.256p.jpg,https://pcpartpicker.com/product/cGLwrH/pny-xlr8-cs3030-2-tb-m2-2280-nvme-solid-state-drive-m280cs3030-2tb-rb,NVME,2000
storage,Kingston NV1 2 TB M.2-2280 PCIe 3.0 X4 NVME Solid State Drive (SNVS/2000G),https://cdna.pcpartpicker.com/static/forever/images/product/4b38e34b765a81eddcd84d5450a7f353.256p.jpg,https://pcpartpicker.com/product/THRYcf/kingston-nv1-2-tb-m2-2280-nvme-solid-state-drive-snvs2000g,NVME,2000
storage,TEAMGROUP MP44 2 TB M.2-2280 PCIe 4.0 X4 NVME Solid State Drive (TM8FPW002T0C101),https://cdna.pcpartpicker.com/static/forever/images/product/0a062de2f0bb9f35d7001c16e9cb3a49.256p.jpg,https://pcpartpicker.com/product/DN6NnQ/teamgroup-mp44-2-tb-m2-2280-pcie-40-x4-nvme-solid-state-drive-tm8fpw002t0c101,NVME,2000
storage,TEAMGROUP T-Create Classic DL 2 TB M.2-2280 PCIe 4.0 X4 NVME Solid State Drive (TM8FPM002T0C329),https://m.media-amazon.com/images/I/31y4Xvbrk1L.jpg,https://pcpartpicker.com/product/3RFmP6/teamgroup-t-create-classic-dl-2-tb-m2-2280-pcie-40-x4-nvme-solid-state-drive-tm8fpm002t0c329,NVME,2000
storage,TEAMGROUP MS30 2 TB M.2-2280 SATA Solid State Drive (TM8PS7002T0C101),https://m.media-amazon.com/images/I/41zQZQEu4cL.jpg,https://pcpartpicker.com/product/wdRYcf/teamgroup-ms30-2-tb-m2-2280-solid-state-drive-tm8ps7002t0c101,NVME,2000
storage,ADATA LEGEND 850 LITE 2 TB M.2-2280 PCIe 4.0 X4 NVME Solid State Drive (ALEG-850L-2000GCS),https://m.media-amazon.com/images/I/31-mmDK5YJL.jpg,https://pcpartpicker.com/product/MQ7scf/adata-legend-850-lite-2-tb-m2-2280-pcie-40-x4-nvme-solid-state-drive-aleg-850l-2000gcs,NVME,2000
storage,Sabrent Rocket 4.0 HTSK 2 TB M.2-2280 PCIe 4.0 X4 NVME Solid State Drive (SB-ROCKET-NVMe4-HTSK-2TB),https://cdna.pcpartpicker.com/static/forever/images/product/58a3c065bd0a4db0daa42ac40f0a3067.256p.jpg,https://pcpartpicker.com/product/LpbCmG/sabrent-rocket-htsk-40-2-tb-m2-2280-solid-state-drive-sb-rocket-nvme4-htsk-2tb,NVME,2000
storage,Addlink S70 2 TB M.2-2280 PCIe 3.0 X4 NVME Solid State Drive (ad2TBS70M2P),https://m.media-amazon.com/images/I/41GlvEP60xL.jpg,https://pcpartpicker.com/product/Z4WzK8/addlink-s70-2-tb-m2-2280-nvme-solid-state-drive-ad2tbs70m2p,NVME,2000
storage,Nextorage G-Series 2 TB M.2-2280 PCIe 4.0 X4 NVME Solid State Drive (NE1N2TB),https://m.media-amazon.com/images/I/31Ebziakl8L.jpg,https://pcpartpicker.com/product/g388TW/nextorage-g-series-2-tb-m2-2280-pcie-40-x4-nvme-solid-state-drive-ne1n2tb,NVME,2000
storage,Seagate BarraCuda Q5 2 TB M.2-2280 PCIe 3.0 X4 NVME Solid State Drive (ZP2000CV3A001),https://cdna.pcpartpicker.com/static/forever/images/product/51e0086b0ecd66eddac5c85f55730baf.256p.jpg,https://pcpartpicker.com/product/xZ8bt6/seagate-barracuda-q5-2-tb-m2-2280-nvme-solid-state-drive-zp2000cv3a001,NVME,2000
storage,Patriot P300 2 TB M.2-2280 PCIe 3.0 X4 NVME Solid State Drive (P300P2TBM28),https://cdna.pcpartpicker.com/static/forever/images/product/90d72ac1538a12cfeae6721cfd580e5b.256p.jpg,https://pcpartpicker.com/product/3kxbt6/patriot-p300-2-tb-m2-2280-nvme-solid-state-drive-p300p2tbm28,NVME,2000
storage,PNY CS2130 2 TB M.2-2280 PCIe 3.0 X4 NVME Solid State Drive (M280CS2130-2TB-RB),https://cdna.pcpartpicker.com/static/forever/images/product/90346f63f185db867fe9f5a2ed9433d9.256p.jpg,https://pcpartpicker.com/product/Q6zFf7/pny-cs2130-2-tb-m2-2280-nvme-solid-state-drive-m280cs2130-2tb-rb,NVME,2000
storage,Corsair MP400 2 TB M.2-2280 PCIe 3.0 X4 NVME Solid State Drive (CSSD-F2000GBMP400),https://cdna.pcpartpicker.com/static/forever/images/product/ff845613cc0803168356a8450932e542.256p.jpg,https://pcpartpicker.com/product/JrkgXL/corsair-mp400-2-tb-m2-2280-nvme-solid-state-drive-cssd-f2000gbmp400,NVME,2000
storage,Sabrent Rocket Q4 2 TB M.2-2230 PCIe 4.0 X4 NVME Solid State Drive (SB-213Q-2TB),https://m.media-amazon.com/images/I/41QldUwQDlL.jpg,https://pcpartpicker.com/product/B74Zxr/sabrent-rocket-q4-2-tb-m2-2230-pcie-40-x4-nvme-solid-state-drive-sb-213q-2tb,NVME,2000
storage,Corsair MP600 CORE 2 TB M.2-2280 PCIe 4.0 X4 NVME Solid State Drive (CSSD-F2000GBMP600COR),https://cdna.pcpartpicker.com/static/forever/images/product/4dfe9f402d344d460b4917dc638087d7.256p.jpg,https://pcpartpicker.com/product/7pjNnQ/corsair-mp600-core-2-tb-m2-2280-nvme-solid-state-drive-cssd-f2000gbmp600cor,NVME,2000
storage,Intel 660p 2 TB M.2-2280 PCIe 3.0 X4 NVME Solid State Drive (SSDPEKNW020T801),https://cdna.pcpartpicker.com/static/forever/images/product/f971fa84398c0acdecc2f2c645de43fb.256p.jpg,https://pcpartpicker.com/product/QTQG3C/intel-660p-2-tb-m2-2280-nvme-solid-state-drive-ssdpeknw020t801,NVME,2000
storage,Mushkin Pilot-E 2 TB M.2-2280 PCIe 3.0 X4 NVME Solid State Drive (MKNSSDPE2TB-D8),https://cdna.pcpartpicker.com/static/forever/images/product/24f833787c933f03370e6ab86be08e39.256p.jpg,https://pcpartpicker.com/product/vkLwrH/mushkin-pilot-e-2-tb-m2-2280-nvme-solid-state-drive-mknssdpe2tb-d8,NVME,2000
storage,Lexar Professional NM800PRO w/Heatsink 2 TB M.2-2280 PCIe 4.0 X4 NVME Solid State Drive (LNM800P002T-RN8NG),https://cdna.pcpartpicker.com/static/forever/images/product/fc20c01addbdd91c217a1e63ba365826.256p.jpg,https://pcpartpicker.com/product/vdstt6/lexar-professional-nm800pro-wheatsink-2-tb-m2-2280-pcie-40-x4-nvme-solid-state-drive-lnm800p002t-rn8ng,NVME,2000
storage,Fantom Drives VENOM8 2 TB M.2-2280 PCIe 4.0 X4 NVME Solid State Drive (VM8X20),https://cdna.pcpartpicker.com/static/forever/images/product/84ba0ce856bb03995f18737d7c21e62b.256p.jpg,https://pcpartpicker.com/product/fQ7scf/fantom-drives-venom8-2-tb-m2-2280-pcie-40-x4-nvme-solid-state-drive-vm8x20,NVME,2000
storage,Seagate Lightsaber Collection FireCuda 2 TB M.2-2280 PCIe 4.0 X4 NVME Solid State Drive (ZP2000GM3A033),https://cdna.pcpartpicker.com/static/forever/images/product/ae78c55942c9abd2ef2bb9fd703ecce8.256p.jpg,https://pcpartpicker.com/product/4xsV3C/seagate-lightsaber-collection-firecuda-2-tb-m2-2280-pcie-40-x4-nvme-solid-state-drive-zp2000gm3a033,NVME,2000
storage,Netac NV7000 2 TB M.2-2280 PCIe 4.0 X4 NVME Solid State Drive (NT01NV7000-2T0-E4X),https://m.media-amazon.com/images/I/31mk-pNb+0L.jpg,https://pcpartpicker.com/product/hdmNnQ/netac-nv7000-2-tb-m2-2280-pcie-40-x4-nvme-solid-state-drive-nt01nv7000-2t0-e4x,NVME,2000
storage,Seagate FireCuda 510 2 TB M.2-2280 PCIe 3.0 X4 NVME Solid State Drive (ZP2000GM30001),https://m.media-amazon.com/images/I/41ITTpCvdYL.jpg,https://pcpartpicker.com/product/8VvdnQ/seagate-firecuda-510-2-tb-m2-2280-nvme-solid-state-drive-zp2000gm30001,NVME,2000
storage,Western Digital Blue SN580 2 TB M.2-2280 PCIe 4.0 X4 NVME Solid State Drive (WDS200T3B0E),https://cdna.pcpartpicker.com/static/forever/images/product/e919a2d3600ffaf5d00b64b5d80c2c3b.256p.jpg,https://pcpartpicker.com/product/266NnQ/western-digital-blue-sn580-2-tb-m2-2280-pcie-40-x4-nvme-solid-state-drive-wds200t3b0e,NVME,2000
storage,ADATA XPG GAMMIX S11 Pro 2 TB M.2-2280 PCIe 3.0 X4 NVME Solid State Drive (AGAMMIXS11P-2TT-C),https://m.media-amazon.com/images/I/31m-HD-qlsL.jpg,https://pcpartpicker.com/product/hWfFf7/adata-xpg-gammix-s11-pro-2-tb-m2-2280-nvme-solid-state-drive-agammixs11p-2tt-c,NVME,2000
storage,Nextorage NEM-PA 2 TB M.2-2280 PCIe 4.0 X4 NVME Solid State Drive (NEM-PA2TB),https://cdna.pcpartpicker.com/static/forever/images/product/349466bd28902354fe18d7d23f63082a.256p.jpg,https://pcpartpicker.com/product/d8fnTW/nextorage-nem-pa-2-tb-m2-2280-nvme-solid-state-drive-nem-pa2tb,NVME,2000
storage,Crucial P1 2 TB M.2-2280 PCIe 3.0 X4 NVME Solid State Drive (CT2000P1SSD8),https://cdna.pcpartpicker.com/static/forever/images/product/48b1e1eed361bc76beedeb4c227d7630.256p.jpg,https://pcpartpicker.com/product/bNjNnQ/crucial-p1-2-tb-m2-2280-nvme-solid-state-drive-ct2000p1ssd8,NVME,2000
storage,Corsair MP600 PRO XT 2 TB M.2-2280 PCIe 4.0 X4 NVME Solid State Drive (CSSD-F2000GBMP600PHX),https://cdna.pcpartpicker.com/static/forever/images/product/eb771ed624b938d992adbd8783d2cc3b.256p.jpg,https://pcpartpicker.com/product/q2jBD3/corsair-mp600-pro-xt-2-tb-m2-2280-nvme-solid-state-drive-cssd-f2000gbmp600phx,NVME,2000
storage,Samsung 860 Evo 2 TB M.2-2280 SATA Solid State Drive (MZ-N6E2T0BW),https://cdna.pcpartpicker.com/static/forever/images/product/0314ff2ea47187ca83a31bbb81d1c4e0.256p.jpg,https://pcpartpicker.com/product/D9rmP6/samsung-860-evo-2tb-m2-2280-solid-state-drive-mz-n6e2t0bw,NVME,2000
storage,TEAMGROUP T-Force Cardea Zero Z330 2 TB M.2-2280 PCIe 3.0 X4 NVME Solid State Drive (TM8FP8002T0C311),https://cdna.pcpartpicker.com/static/forever/images/product/c6143ab8950611b6de774172c4bfcfd1.256p.jpg,https://pcpartpicker.com/product/8sZ9TW/team-t-force-cardea-zero-z330-2-tb-m2-2280-nvme-solid-state-drive-tm8fp8002t0c311,NVME,2000
storage,HP EX950 2 TB M.2-2280 PCIe 3.0 X4 NVME Solid State Drive (5MS24AA#ABC),https://cdna.pcpartpicker.com/static/forever/images/product/51ea0a0de61c9be62a8c420b22eb26de.256p.jpg,https://pcpartpicker.com/product/xM97YJ/hp-ex950-2-tb-m2-2280-solid-state-drive-5ms24aaabc,NVME,2000
storage,ADATA LEGEND 960 MAX 2 TB M.2-2280 PCIe 4.0 X4 NVME Solid State Drive (ALEG-960M-2TCS),https://cdna.pcpartpicker.com/static/forever/images/product/a90a67816caf9b4d6bd4dc23ed17adc1.256p.jpg,https://pcpartpicker.com/product/nhMMnQ/adata-legend-960-max-2-tb-m2-2280-pcie-40-x4-nvme-solid-state-drive-aleg-960m-2tcs,NVME,2000
storage,ADATA XPG GAMMIX S50 Lite 2 TB M.2-2280 PCIe 4.0 X4 NVME Solid State Drive (AGAMMIXS50L-2T-C),https://cdna.pcpartpicker.com/static/forever/images/product/61959e3ff7f2591e8f040dbe7e49c1a9.256p.jpg,https://pcpartpicker.com/product/6GK2FT/adata-xpg-gammix-s50-lite-2-tb-m2-2280-nvme-solid-state-drive-agammixs50l-2t-c,NVME,2000
storage,KIOXIA EXCERIA G2 2 TB M.2-2280 PCIe 3.0 X4 NVME Solid State Drive (LRC20Z002TG8),https://cdna.pcpartpicker.com/static/forever/images/product/539625d9936fcd327344ac9f701d188c.256p.jpg,https://pcpartpicker.com/product/K2ytt6/kioxia-exceria-g2-2-tb-m2-2280-nvme-solid-state-drive-lrc20z002tg8,NVME,2000
storage,Seagate FireCuda 2 TB M.2-2280 PCIe 3.0 X4 NVME Solid State Drive (ZP2000GM30021),https://cdna.pcpartpicker.com/static/forever/images/product/b716a19f6745a0c97af98bcbd1cd8572.256p.jpg,https://pcpartpicker.com/product/kpgQzy/seagate-firecuda-2-tb-m2-2280-nvme-solid-state-drive-zp2000gm30021,NVME,2000
storage,Intel DC P4511 2 TB M.2-22110 PCIe 3.0 X4 NVME Solid State Drive (SSDPELKX020T801),https://cdna.pcpartpicker.com/static/forever/images/product/41ad4d3888f52759f5d9a36f26e54c81.256p.jpg,https://pcpartpicker.com/product/kD848d/intel-dc-p4511-2-tb-m2-22110-nvme-solid-state-drive-ssdpelkx020t801,NVME,2000
storage,Lexar NM610PRO 2 TB M.2-2280 PCIe 3.0 X4 NVME Solid State Drive (LNM610P002T-RNNNG),https://cdna.pcpartpicker.com/static/forever/images/product/4882d36c303799525f14bd2b62efc068.256p.jpg,https://pcpartpicker.com/product/YC88TW/lexar-nm610pro-2-tb-m2-2280-pcie-30-x4-nvme-solid-state-drive-lnm610p002t-rnnng,NVME,2000
storage,Gigabyte AORUS Gen4 2 TB M.2-2280 PCIe 4.0 X4 NVME Solid State Drive (GP-AG42TB),https://cdna.pcpartpicker.com/static/forever/images/product/f1d04ddc119681f7d307604553a03d9e.256p.jpg,https://pcpartpicker.com/product/KZMTwP/gigabyte-aorus-nvme-gen4-2-tb-m2-2280-nvme-solid-state-drive-gp-ag42tb,NVME,2000
storage,PNY CS2241 2 TB M.2-2280 PCIe 4.0 X4 NVME Solid State Drive (M280CS2241-2TB-CL),https://cdna.pcpartpicker.com/static/forever/images/product/3fc0cebea011952b5ccdfcf28c99b221.256p.jpg,https://pcpartpicker.com/product/j99wrH/pny-cs2241-2-tb-m2-2280-pcie-40-x4-nvme-solid-state-drive-m280cs2241-2tb-cl,NVME,2000
storage,Western Digital Red 2 TB M.2-2280 PCIe 3.0 X4 NVME Solid State Drive (WDS200T1R0C),https://cdna.pcpartpicker.com/static/forever/images/product/4cc77cd9ea634339be473b14c841abab.256p.jpg,https://pcpartpicker.com/product/Pm7G3C/western-digital-wd-red-sn700-2-tb-m2-2280-nvme-solid-state-drive-wds200t1r0c,NVME,2000
storage,ADATA Swordfish 2 TB M.2-2280 PCIe 3.0 X4 NVME Solid State Drive (ASWORDFISH-2T-C),https://m.media-amazon.com/images/I/41yAbNjKFVS.jpg,https://pcpartpicker.com/product/dDVG3C/adata-swordfish-2-tb-m2-2280-nvme-solid-state-drive-aswordfish-2t-c,NVME,2000
storage,Inland 2TB NVME PREMIUM 2 TB M.2-2280 PCIe 3.0 X4 NVME Solid State Drive (2TB NVME PREMIU),https://m.media-amazon.com/images/I/41wAZqkNYhL.jpg,https://pcpartpicker.com/product/7JfFf7/inland-2-tb-m2-2280-nvme-solid-state-drive-2tb-nvme-premiu,NVME,2000
storage,Leven JM600 2 TB M.2-2280 SATA Solid State Drive (JM600M2-22802TB),https://m.media-amazon.com/images/I/41VFlihzrgL.jpg,https://pcpartpicker.com/product/F6vdnQ/leven-jm600-2-tb-m2-2280-sata-solid-state-drive-jm600m2-22802tb,NVME,2000
storage,HP EX900 Plus 2 TB M.2-2280 PCIe 3.0 X4 NVME Solid State Drive (35M35AA#ABA),https://m.media-amazon.com/images/I/41qVFayuopL.jpg,https://pcpartpicker.com/product/QtzhP6/hp-ex900-plus-2-tb-m2-2280-pcie-30-x4-nvme-solid-state-drive-35m35aaaba,NVME,2000
storage,Inland Platinum 2 TB M.2-2280 PCIe 3.0 X4 NVME Solid State Drive (2TB NVME QLC V2),https://m.media-amazon.com/images/I/41TzCIE3SbL.jpg,https://pcpartpicker.com/product/R4NxFT/inland-platinum-2-tb-m2-2280-nvme-solid-state-drive-2tb-nvme-qlc-v2,NVME,2000
storage,PNY XLR8 CS3140 w/Heatsink 2 TB M.2-2280 PCIe 4.0 X4 NVME Solid State Drive (M280CS3140HS-2TB-RB),https://cdna.pcpartpicker.com/static/forever/images/product/ad677b5ac27e4e20d4b848ed35356a7c.256p.jpg,https://pcpartpicker.com/product/pz6p99/pny-xlr8-cs3140-heatsink-2-tb-m2-2280-nvme-solid-state-drive-m280cs3140hs-2tb-rb,NVME,2000
storage,TEAMGROUP T-Force Cardea A440 Pro 2 TB M.2-2280 PCIe 4.0 X4 NVME Solid State Drive (TM8FPR002T0C128),https://m.media-amazon.com/images/I/41n9EI38ZXL.jpg,https://pcpartpicker.com/product/6zVmP6/teamgroup-t-force-cardea-a440-pro-2-tb-m2-2280-nvme-solid-state-drive-tm8fpr002t0c128,NVME,2000
storage,Silicon Power UD80 2 TB M.2-2280 PCIe 3.0 X4 NVME Solid State Drive (SP02KGBP34UD8005),https://upload.wikimedia.org/wikipedia/commons/thumb/a/ac/No_image_available.svg/256px-No_image_available.jpg,https://pcpartpicker.com/product/GM92FT/silicon-power-ud80-2-tb-m2-2280-nvme-solid-state-drive-sp02kgbp34ud8005,NVME,2000
storage,Netac NV3000 2 TB M.2-2280 PCIe 3.0 X4 NVME Solid State Drive (NT01NV3000-2T0-E4X),https://m.media-amazon.com/images/I/41sIqq-LdIL.jpg,https://pcpartpicker.com/product/dtpQzy/netac-nv3000-2-tb-m2-2280-pcie-30-x4-nvme-solid-state-drive-nt01nv3000-2t0-e4x,NVME,2000
storage,Intel 760p 2 TB M.2-2280 PCIe 3.0 X4 NVME Solid State Drive (SSDPEKKW020T8X1),https://cdna.pcpartpicker.com/static/forever/images/product/0b67e0dcfdf105e6e67f3a5a526effcc.256p.jpg,https://pcpartpicker.com/product/q2jJ7P/intel-760p-series-2tb-m2-2280-solid-state-drive-ssdpekkw020t8x1,NVME,2000
storage,Transcend 250S 2 TB M.2-2280 PCIe 4.0 X4 NVME Solid State Drive (TS2TMTE250S),https://m.media-amazon.com/images/I/31ptqw8CCQL.jpg,https://pcpartpicker.com/product/kDzXsY/transcend-250s-2-tb-m2-2280-pcie-40-x4-nvme-solid-state-drive-ts2tmte250s,NVME,2000
storage,ADATA XPG SX8100 2 TB M.2-2280 PCIe 3.0 X4 NVME Solid State Drive (ASX8100NP-2TT-C),https://m.media-amazon.com/images/I/41i2gbE+JXS.jpg,https://pcpartpicker.com/product/zV4BD3/adata-xpg-sx8100-2-tb-m2-2280-nvme-solid-state-drive-asx8100np-2tt-c,NVME,2000
storage,Silicon Power US70 2 TB M.2-2280 PCIe 4.0 X4 NVME Solid State Drive (SP02KGBP44US7005),https://cdna.pcpartpicker.com/static/forever/images/product/fea6bb29b52878edce17d452aba4e7ae.256p.jpg,https://pcpartpicker.com/product/wBK2FT/silicon-power-us70-2-tb-m2-2280-nvme-solid-state-drive-sp02kgbp44us7005,NVME,2000
storage,Western Digital Black SN750 Rev2 2 TB M.2-2280 PCIe 3.0 X4 NVME Solid State Drive (WDBRPG0020BNC-WRSN),https://cdna.pcpartpicker.com/static/forever/images/product/035201c14c17a833e9d6d237ce218d65.256p.jpg,https://pcpartpicker.com/product/PVgFf7/western-digital-wd_black-sn750-rev2-2-tb-m2-2280-nvme-solid-state-drive-wdbrpg0020bnc-wrsn,NVME,2000
storage,Klevv CRAS C720 2 TB M.2-2280 PCIe 3.0 X4 NVME Solid State Drive (K02TBM2SP0-C72),https://m.media-amazon.com/images/I/41LRYLRmNmS.jpg,https://pcpartpicker.com/product/kyhFf7/klevv-cras-c720-2-tb-m2-2280-nvme-solid-state-drive-k02tbm2sp0-c72,NVME,2000
storage,HP FX900 Pro 2 TB M.2-2280 PCIe 4.0 X4 NVME Solid State Drive (4A3U1AA#ABB),https://m.media-amazon.com/images/I/41C9lvyacmL.jpg,https://pcpartpicker.com/product/mnxRsY/hp-fx900-pro-2-tb-m2-2280-nvme-solid-state-drive-4a3u1aaabb,NVME,2000
storage,Nextorage NE5N 2 TB M.2-2280 PCIe 5.0 X4 NVME Solid State Drive (NE5N2TB/FHHE SYM),https://cdna.pcpartpicker.com/static/forever/images/product/a031c0a66cf144151752d9a825b51096.256p.jpg,https://pcpartpicker.com/product/MJn9TW/nextorage-ne5n-2-tb-m2-2280-pcie-50-x4-nvme-solid-state-drive-ne5n2tbfhhe-sym,NVME,2000
storage,ADATA XPG GAMMIX S70 2 TB M.2-2280 PCIe 4.0 X4 NVME Solid State Drive (AGAMMIXS70-2T-C),https://cdna.pcpartpicker.com/static/forever/images/product/bb2a09c19d1cc0a12553e5a3b894217b.256p.jpg,https://pcpartpicker.com/product/CXmFf7/adata-xpg-gammix-s70-2-tb-m2-2280-nvme-solid-state-drive-agammixs70-2t-c,NVME,2000
storage,Inland Prime 2 TB M.2-2280 PCIe 3.0 X4 NVME Solid State Drive (618996750023),https://m.media-amazon.com/images/I/413YizVvvlL.jpg,https://pcpartpicker.com/product/Hm92FT/inland-prime-2-tb-m2-2280-nvme-solid-state-drive-618996750023,NVME,2000
storage,MSI SPATIUM M480 PRO 2 TB M.2-2280 PCIe 4.0 X4 NVME Solid State Drive (S78-440Q600-P83),https://m.media-amazon.com/images/I/31IRofhn4DL.jpg,https://pcpartpicker.com/product/kbwmP6/msi-spatium-m480-pro-2-tb-m2-2280-pcie-40-x4-nvme-solid-state-drive-s78-440q600-p83,NVME,2000
storage,Sabrent Rocket Q4 2 TB M.2-2280 PCIe 4.0 X4 NVME Solid State Drive (SB-RKTQ4-2TB),https://m.media-amazon.com/images/I/412+HyD8F7L.jpg,https://pcpartpicker.com/product/X6wkcf/sabrent-rocket-q4-2-tb-m2-2280-nvme-solid-state-drive-sb-rktq4-2tb,NVME,2000
storage,Addlink S90 2 TB M.2-2280 PCIe 4.0 X4 NVME Solid State Drive (ad2TBS90M2P),https://m.media-amazon.com/images/I/41d9tEAqqTL.jpg,https://pcpartpicker.com/product/WnvdnQ/addlink-s90-2-tb-m2-2280-nvme-solid-state-drive-ad2tbs90m2p,NVME,2000
storage,ADATA Legend 850 2 TB M.2-2280 PCIe 4.0 X4 NVME Solid State Drive (ALEG-850-2TCS),https://cdna.pcpartpicker.com/static/forever/images/product/c4b9b5441b9b40f6e64e35ef72004899.256p.jpg,https://pcpartpicker.com/product/2rKKHx/adata-legend-850-2-tb-m2-2280-nvme-solid-state-drive-aleg-850-2tcs,NVME,2000
storage,Leven JPN600 2 TB M.2-2280 PCIe 3.0 X4 NVME Solid State Drive (JPN600-2TB),https://m.media-amazon.com/images/I/41ztFdb0j9L.jpg,https://pcpartpicker.com/product/8yFmP6/leven-jpn600-2-tb-m2-2280-pcie-30-x4-nvme-solid-state-drive-jpn600-2tb,NVME,2000
storage,KIOXIA EXCERIA PRO 2 TB M.2-2280 PCIe 4.0 X4 NVME Solid State Drive (LSE10Z002TG8),https://cdna.pcpartpicker.com/static/forever/images/product/ca89917e8f088c3ababd47c0a1e2c5f3.256p.jpg,https://pcpartpicker.com/product/7GC48d/kioxia-exceria-pro-2-tb-m2-2280-nvme-solid-state-drive-lse10z002tg8,NVME,2000
storage,Addlink S91 2 TB M.2-2230 PCIe 4.0 X4 NVME Solid State Drive (ad2TBS91M2P),https://upload.wikimedia.org/wikipedia/commons/thumb/a/ac/No_image_available.svg/256px-No_image_available.jpg,https://pcpartpicker.com/product/Q3Hqqs/addlink-s91-2-tb-m2-2230-pcie-40-x4-nvme-solid-state-drive-ad2tbs91m2p,NVME,2000
storage,Seagate IronWolf 525 2 TB M.2-2280 PCIe 4.0 X4 NVME Solid State Drive (ZP2000NM3A002),https://cdna.pcpartpicker.com/static/forever/images/product/8d484392bd1f3ec2fde6f63ef6ab6b24.256p.jpg,https://pcpartpicker.com/product/3VZ9TW/seagate-ironwolf-525-2-tb-m2-2280-nvme-solid-state-drive-zp2000nm3a002,NVME,2000
storage,Inland Gaming Performance Plus 2 TB M.2-2280 PCIe 4.0 X4 NVME Solid State Drive (618996746255),https://m.media-amazon.com/images/I/31sRhU-Z6oL.jpg,https://pcpartpicker.com/product/2c8bt6/inland-gaming-performance-plus-2-tb-m2-2280-nvme-solid-state-drive-618996746255,NVME,2000
storage,Patriot Viper VPN110 2 TB M.2-2280 PCIe 3.0 X4 NVME Solid State Drive (VPN110-2TBM28H),https://m.media-amazon.com/images/I/31YhaetmYJL.jpg,https://pcpartpicker.com/product/q9vdnQ/patriot-viper-vpn110-2-tb-m2-2280-nvme-solid-state-drive-vpn110-2tbm28h,NVME,2000
storage,Western Digital Red SA500 2 TB M.2-2280 SATA Solid State Drive (WDS200T1R0B),https://m.media-amazon.com/images/I/41uyVbjqRHL.jpg,https://pcpartpicker.com/product/Kgn8TW/western-digital-red-sa500-2-tb-m2-2280-solid-state-drive-wds200t1r0b,NVME,2000
storage,Western Digital Blue SN550 2 TB M.2-2280 PCIe 3.0 X4 NVME Solid State Drive (WDBA3V0020BNC-WRSN),https://cdna.pcpartpicker.com/static/forever/images/product/dfc45ea1b3490a4019db9cc4f7225ae6.256p.jpg,https://pcpartpicker.com/product/TZTp99/western-digital-blue-sn550-2-tb-m2-2280-nvme-solid-state-drive-wdba3v0020bnc-wrsn,NVME,2000
storage,Corsair MP400 2 TB M.2-2280 PCIe 3.0 X4 NVME Solid State Drive (CSSD-F2000GBMP400R2),https://m.media-amazon.com/images/I/41+DrIAYHRL.jpg,https://pcpartpicker.com/product/pFPQzy/corsair-mp400-2-tb-m2-2280-nvme-solid-state-drive-cssd-f2000gbmp400r2,NVME,2000
storage,Klevv CRAS C920 2 TB M.2-2280 PCIe 4.0 X4 NVME Solid State Drive (K02TBM2SP0-C92),https://m.media-amazon.com/images/I/31YCZ6i-0HS.jpg,https://pcpartpicker.com/product/2fwypg/klevv-cras-c920-2-tb-m2-2280-nvme-solid-state-drive-k02tbm2sp0-c92,NVME,2000
storage,Timetec 35TTFP6PCIE 2 TB M.2-2280 PCIe 3.0 X4 NVME Solid State Drive (35TTFP6PCIE-2TB),https://cdna.pcpartpicker.com/static/forever/images/product/0855e8d137b567bda4fc750470e60f10.256p.jpg,https://pcpartpicker.com/product/MVjBD3/timetec-35ttfp6pcie-2-tb-m2-2280-nvme-solid-state-drive-35ttfp6pcie-2tb,NVME,2000
storage,Gigabyte AORUS Gen4 7000s Premium 2 TB M.2-2280 PCIe 4.0 X4 NVME Solid State Drive (GP-AG70S2TB-P),https://m.media-amazon.com/images/I/41DP1e4eQrS.jpg,https://pcpartpicker.com/product/TnVmP6/gigabyte-aorus-gen4-7000s-premium-2-tb-m2-2280-pcie-40-x4-nvme-solid-state-drive-gp-ag70s2tb-p,NVME,2000
storage,Transcend 250H 2 TB M.2-2280 PCIe 4.0 X4 NVME Solid State Drive (TS2TMTE250H),https://m.media-amazon.com/images/I/41OL3y5doIL.jpg,https://pcpartpicker.com/product/pFtLrH/transcend-250h-2-tb-m2-2280-pcie-40-x4-nvme-solid-state-drive-ts2tmte250h,NVME,2000
storage,TEAMGROUP T-Force Cardea Z44L 2 TB M.2-2280 PCIe 4.0 X4 NVME Solid State Drive (TM8FPL002T0C127),https://upload.wikimedia.org/wikipedia/commons/thumb/a/ac/No_image_available.svg/256px-No_image_available.jpg,https://pcpartpicker.com/product/VsXV3C/teamgroup-t-force-cardea-z44l-2-tb-m2-2280-pcie-40-x4-nvme-solid-state-drive-tm8fpl002t0c127,NVME,2000
storage,Leven JPS850 2 TB M.2-2280 PCIe 4.0 X4 NVME Solid State Drive (JPS850-2TB),https://upload.wikimedia.org/wikipedia/commons/thumb/a/ac/No_image_available.svg/256px-No_image_available.jpg,https://pcpartpicker.com/product/9XfxFT/leven-jps850-2-tb-m2-2280-pcie-40-x4-nvme-solid-state-drive-jps850-2tb,NVME,2000
storage,Inland Performance 2 TB M.2-2280 PCIe 4.0 X4 NVME Solid State Drive (2TB NVME PERFRM),https://m.media-amazon.com/images/I/314PYctRIXL.jpg,https://pcpartpicker.com/product/ZkDkcf/inland-performance-2-tb-m2-2280-nvme-solid-state-drive-2tb-nvme-perfrm,NVME,2000
storage,Intel 665p 2 TB M.2-2280 PCIe 3.0 X4 NVME Solid State Drive (SSDPEKNW020T9X1),https://cdna.pcpartpicker.com/static/forever/images/product/e1dc570a5375a1c13baa309fb514d913.256p.jpg,https://pcpartpicker.com/product/NMyqqs/intel-665p-2-tb-m2-2280-nvme-solid-state-drive-ssdpeknw020t9x1,NVME,2000
storage,ADATA Falcon 2 TB M.2-2280 PCIe 3.0 X4 NVME Solid State Drive (AFALCON-2T-C),https://cdna.pcpartpicker.com/static/forever/images/product/b21f58fa4555c0f92ce200b170deaa4b.256p.jpg,https://pcpartpicker.com/product/XbzFf7/adata-falcon-2-tb-m2-2280-nvme-solid-state-drive-afalcon-2t-c,NVME,2000
storage,Transcend 220S 2 TB M.2-2280 PCIe 3.0 X4 NVME Solid State Drive (TS2TMTE220S),https://cdna.pcpartpicker.com/static/forever/images/product/b4a2dd2b835ff0314c9b698161b96f25.256p.jpg,https://pcpartpicker.com/product/FyCFf7/transcend-220s-2-tb-m2-2280-nvme-solid-state-drive-ts2tmte220s,NVME,2000
storage,TEAMGROUP T-Create Expert 2 TB M.2-2280 PCIe 3.0 X4 NVME Solid State Drive (TM8FPF002T0C711),https://m.media-amazon.com/images/I/31msENdWZsL.jpg,https://pcpartpicker.com/product/3jZ9TW/team-t-create-expert-2-tb-m2-2280-nvme-solid-state-drive-tm8fpf002t0c711,NVME,2000
storage,Addlink S95 2 TB M.2-2280 PCIe 4.0 X4 NVME Solid State Drive (ad2TBS95M2P),https://m.media-amazon.com/images/I/41E19lOEKYL.jpg,https://pcpartpicker.com/product/xLTp99/addlink-s95-2-tb-m2-2280-nvme-solid-state-drive-ad2tbs95m2p,NVME,2000
storage,PNY XLR8 CS3040 w/Heatsink 2 TB M.2-2280 PCIe 4.0 X4 NVME Solid State Drive (M280CS3040HS-2TB-RB),https://cdna.pcpartpicker.com/static/forever/images/product/fc325881625359f0b04d520ea0429248.256p.jpg,https://pcpartpicker.com/product/VdH7YJ/pny-xlr8-cs3040-heatsink-2-tb-m2-2280-nvme-solid-state-drive-m280cs3040hs-2tb-rb,NVME,2000
storage,Kingston KC2000 2 TB M.2-2280 PCIe 3.0 X4 NVME Solid State Drive (SKC2000M8/2000G),https://cdna.pcpartpicker.com/static/forever/images/product/820a5fc34269d4a88c72b95251b60308.256p.jpg,https://pcpartpicker.com/product/8CLwrH/kingston-kc2000-2-tb-m2-2280-nvme-solid-state-drive-skc2000m82000g,NVME,2000
storage,Western Digital PC SN740 Pyrite 2 TB M.2-2230 PCIe 4.0 X4 NVME Solid State Drive (SDDPTQE-2T00),https://cdna.pcpartpicker.com/static/forever/images/product/79cb9bfab6584f029bf6a10b4533ad2f.256p.jpg,https://pcpartpicker.com/product/Tc4Zxr/western-digital-pc-sn740-pyrite-2-tb-m2-2230-pcie-40-x4-nvme-solid-state-drive-sddptqe-2t00,NVME,2000
storage,Addlink X70 2 TB M.2-2280 PCIe 3.0 X4 NVME Solid State Drive (ad2TBX70M2P),https://m.media-amazon.com/images/I/41g3c8S-izS.jpg,https://pcpartpicker.com/product/N2wkcf/addlink-x70-2-tb-m2-2280-nvme-solid-state-drive-ad2tbx70m2p,NVME,2000
storage,Samsung PM981 2 TB M.2-2280 PCIe 3.0 X4 NVME Solid State Drive (MZVLB2T0HMLB-00000),https://cdna.pcpartpicker.com/static/forever/images/product/63e4cc4bd101a8290f83d2516025246a.256p.jpg,https://pcpartpicker.com/product/wKjJ7P/samsung-pm981-2-tb-m2-2280-solid-state-drive-mzvlb2t0hmlb-00000,NVME,2000
storage,Kingston KC2500 2 TB M.2-2280 PCIe 3.0 X4 NVME Solid State Drive (SKC2500M8/2000G),https://cdna.pcpartpicker.com/static/forever/images/product/ecfea6685eac463318fe89a1b8084b98.256p.jpg,https://pcpartpicker.com/product/CJ9tt6/kingston-kc2500-2-tb-m2-2280-nvme-solid-state-drive-skc2500m82000g,NVME,2000
storage,Verbatim Vi3000 2 TB M.2-2280 PCIe 3.0 X4 NVME Solid State Drive (70874),https://m.media-amazon.com/images/I/41ziv65QtkL.jpg,https://pcpartpicker.com/product/JkD7YJ/verbatim-vi3000-2-tb-m2-2280-nvme-solid-state-drive-70874,NVME,2000
storage,Inland TN320 2 TB M.2-2280 PCIe 3.0 X4 NVME Solid State Drive (2TB TN320 NVME),https://m.media-amazon.com/images/I/412NYMjAdAL.jpg,https://pcpartpicker.com/product/bZ88TW/inland-tn320-2-tb-m2-2280-pcie-30-x4-nvme-solid-state-drive-2tb-tn320-nvme,NVME,2000
storage,AITC Kingsman KE680 2 TB M.2-2280 PCIe 4.0 X4 NVME Solid State Drive (AIKE680M2TB228),https://upload.wikimedia.org/wikipedia/commons/thumb/a/ac/No_image_available.svg/256px-No_image_available.jpg,https://pcpartpicker.com/product/CPJp99/aitc-kingsman-ke680-2-tb-m2-2280-pcie-40-x4-nvme-solid-state-drive-aike680m2tb228,NVME,2000
storage,Western Digital SanDisk Extreme PRO 2 TB M.2-2280 PCIe 4.0 X4 NVME Solid State Drive (SDSSDXPM2-2T00-G25),https://m.media-amazon.com/images/I/41ZLcqyUs5L.jpg,https://pcpartpicker.com/product/gzXJ7P/western-digital-extreme-pro-2-tb-m2-2280-nvme-solid-state-drive-sdssdxpm2-2t00-g25,NVME,2000
storage,Addlink A95 2 TB M.2-2280 PCIe 4.0 X4 NVME Solid State Drive (ad2TBA95M2P),https://upload.wikimedia.org/wikipedia/commons/thumb/a/ac/No_image_available.svg/256px-No_image_available.jpg,https://pcpartpicker.com/product/JFkWGX/addlink-a95-2-tb-m2-2280-nvme-solid-state-drive-ad2tba95m2p,NVME,2000
storage,ADATA ATOM 50 2 TB M.2-2280 PCIe 4.0 X4 NVME Solid State Drive (AATO-50-2TCI),https://m.media-amazon.com/images/I/31PXN8l-AdL.jpg,https://pcpartpicker.com/product/jqZ9TW/adata-atom-50-2-tb-m2-2280-nvme-solid-state-drive-aato-50-2tci,NVME,2000
storage,Nextorage G-Series 2 TB M.2-2280 PCIe 4.0 X4 NVME Solid State Drive (NE1N2TB/GHNN SYM),https://cdna.pcpartpicker.com/static/forever/images/product/8f7e687b9bba6fa5f3d8f92f8ce099f8.256p.jpg,https://pcpartpicker.com/product/LvTp99/nextorage-g-series-2-tb-m2-2280-pcie-40-x4-nvme-solid-state-drive-ne1n2tbghnn-sym,NVME,2000
storage,Fastro MS200 2 TB M.2-2280 PCIe 3.0 X4 NVME Solid State Drive (MS200200TTS),https://upload.wikimedia.org/wikipedia/commons/thumb/a/ac/No_image_available.svg/256px-No_image_available.jpg,https://pcpartpicker.com/product/Ctwypg/fastro-ms200-2-tb-m2-2280-pcie-30-x4-nvme-solid-state-drive-ms200200tts,NVME,2000
storage,Addlink S90 Lite 2 TB M.2-2280 PCIe 4.0 X4 NVME Solid State Drive (ad2TBS90LTM2P),https://upload.wikimedia.org/wikipedia/commons/thumb/a/ac/No_image_available.svg/256px-No_image_available.jpg,https://pcpartpicker.com/product/TqmNnQ/addlink-s90-lite-2-tb-m2-2280-pcie-40-x4-nvme-solid-state-drive-ad2tbs90ltm2p,NVME,2000
storage,Sabrent Rocket 4.0 2 TB M.2-2280 PCIe 4.0 X4 NVME Solid State Drive (SB-NVMe4-HTSK-2TB),https://cdna.pcpartpicker.com/static/forever/images/product/acc4d522cb2bce750c9eeb7b3d93e219.256p.jpg,https://pcpartpicker.com/product/fqmmP6/sabrent-rocket-40-2-tb-m2-2280-nvme-solid-state-drive-sb-nvme4-htsk-2tb,NVME,2000
storage,Netac NV5000 2 TB M.2-2280 PCIe 4.0 X4 NVME Solid State Drive (NT01NV5000-2T0-E4X),https://m.media-amazon.com/images/I/31w6Ne73T5L.jpg,https://pcpartpicker.com/product/gK4Zxr/netac-nv5000-2-tb-m2-2280-pcie-40-x4-nvme-solid-state-drive-nt01nv5000-2t0-e4x,NVME,2000
storage,Mushkin Gamma 2 TB M.2-2280 PCIe 4.0 X4 NVME Solid State Drive (MKNSSDGA2TB-D8),https://cdna.pcpartpicker.com/static/forever/images/product/36c4d36ad2a6e639c0eba7955952ea68.256p.jpg,https://pcpartpicker.com/product/nX3gXL/mushkin-gamma-2-tb-m2-2280-nvme-solid-state-drive-mknssdga2tb-d8,NVME,2000
storage,Patriot VPN100 2 TB M.2-2280 PCIe 3.0 X4 NVME Solid State Drive (VPN100-2TBM28H),https://cdna.pcpartpicker.com/static/forever/images/product/98b13e7ff0c409d08b8b3bff53583a92.256p.jpg,https://pcpartpicker.com/product/nMGxFT/patriot-vpn100-2-tb-m2-2280-nvme-solid-state-drive-vpn100-2tbm28h,NVME,2000
storage,Patriot Viper Gaming VP4100 2 TB M.2-2280 PCIe 4.0 X4 NVME Solid State Drive (VP4100-2TBM28H),https://cdna.pcpartpicker.com/static/forever/images/product/07c72099daaf8683958dcc56591c7f3d.256p.jpg,https://pcpartpicker.com/product/XF848d/patriot-viper-gaming-vp4100-2-tb-m2-2280-nvme-solid-state-drive-vp4100-2tbm28h,NVME,2000
storage,Pioneer APS-SE20G 2 TB M.2-2280 PCIe 3.0 X4 NVME Solid State Drive (APS-SE20G-2T),https://m.media-amazon.com/images/I/41IhB5+PTTL.jpg,https://pcpartpicker.com/product/tBjNnQ/pioneer-aps-se20g-2-tb-m2-2280-nvme-solid-state-drive-aps-se20g-2t,NVME,2000
storage,Fantom Drives VENOM8 PS5 2 TB M.2-2280 PCIe 4.0 X4 NVME Solid State Drive (VM8X20-PS5),https://m.media-amazon.com/images/I/412RvikBjnL.jpg,https://pcpartpicker.com/product/G99wrH/fantom-drives-venom8-ps5-2-tb-m2-2280-pcie-40-x4-nvme-solid-state-drive-vm8x20-ps5,NVME,2000
storage,Lexar NM760 2 TB M.2-2280 PCIe 4.0 X4 NVME Solid State Drive (LNM760X002T-RNNNG),https://m.media-amazon.com/images/I/41YCIEzFQhL.jpg,https://pcpartpicker.com/product/48rqqs/lexar-nm760-2-tb-m2-2280-pcie-40-x4-nvme-solid-state-drive-lnm760x002t-rnnng,NVME,2000
storage,ADATA XPG ASX8600 Pro 2 TB M.2-2280 PCIe 3.0 X4 NVME Solid State Drive (ASX8600PRO-2T-CS),https://upload.wikimedia.org/wikipedia/commons/thumb/a/ac/No_image_available.svg/256px-No_image_available.jpg,https://pcpartpicker.com/product/cjHqqs/adata-xpg-asx8600-pro-2-tb-m2-2280-pcie-30-x4-nvme-solid-state-drive-asx8600pro-2t-cs,NVME,2000
storage,MSI SPATIUM M460 2 TB M.2-2280 PCIe 4.0 X4 NVME Solid State Drive (SPATIUM-M460-2TB),https://upload.wikimedia.org/wikipedia/commons/thumb/a/ac/No_image_available.svg/256px-No_image_available.jpg,https://pcpartpicker.com/product/yVddnQ/msi-spatium-m460-2-tb-m2-2280-pcie-40-x4-nvme-solid-state-drive-spatium-m460-2tb,NVME,2000
storage,VisionTek DLX3 2 TB M.2-2280 PCIe 3.0 X4 NVME Solid State Drive (901557),https://cdna.pcpartpicker.com/static/forever/images/product/a18a1df802423bb26842201464f5a1c9.256p.jpg,https://pcpartpicker.com/product/zZJp99/visiontek-dlx3-2-tb-m2-2280-pcie-30-x4-nvme-solid-state-drive-901557,NVME,2000
storage,AITC Kingsman KP800 2 TB M.2-2280 PCIe 4.0 X4 NVME Solid State Drive (AIKP800M2TB228),https://upload.wikimedia.org/wikipedia/commons/thumb/a/ac/No_image_available.svg/256px-No_image_available.jpg,https://pcpartpicker.com/product/N4pQzy/aitc-kingsman-kp800-2-tb-m2-2280-pcie-40-x4-nvme-solid-state-drive-aikp800m2tb228,NVME,2000
storage,Inland TN325 2 TB M.2-2242 PCIe 3.0 X4 NVME Solid State Drive (2TB TN325),https://upload.wikimedia.org/wikipedia/commons/thumb/a/ac/No_image_available.svg/256px-No_image_available.jpg,https://pcpartpicker.com/product/KqbRsY/inland-tn325-2-tb-m2-2242-pcie-30-x4-nvme-solid-state-drive-2tb-tn325,NVME,2000
storage,Netac NV7000-t 2 TB M.2-2280 PCIe 4.0 X4 NVME Solid State Drive (NT01NV7000t-2T0-E4X),https://upload.wikimedia.org/wikipedia/commons/thumb/a/ac/No_image_available.svg/256px-No_image_available.jpg,https://pcpartpicker.com/product/mL7scf/netac-nv7000-t-2-tb-m2-2280-pcie-40-x4-nvme-solid-state-drive-nt01nv7000t-2t0-e4x,NVME,2000
storage,Western Digital PC SN740 Opal 2 TB M.2-2280 PCIe 4.0 X4 NVME Solid State Drive (SDDQNQE-2T00),https://upload.wikimedia.org/wikipedia/commons/thumb/a/ac/No_image_available.svg/256px-No_image_available.jpg,https://pcpartpicker.com/product/ZTP8TW/western-digital-pc-sn740-opal-2-tb-m2-2280-pcie-40-x4-nvme-solid-state-drive-sddqnqe-2t00,NVME,2000
storage,Patriot VPR100 RGB 2 TB M.2-2280 PCIe 3.0 X4 NVME Solid State Drive (VPR100-2TBM28H),https://m.media-amazon.com/images/I/41Ioh8W+m6L.jpg,https://pcpartpicker.com/product/h8jNnQ/patriot-vpr100-rgb-2-tb-m2-2280-nvme-solid-state-drive-vpr100-2tbm28h,NVME,2000
storage,ADATA XPG GAMMIX S5 2 TB M.2-2280 PCIe 3.0 X4 NVME Solid State Drive (AGAMMIXS5-2TT-C),https://cdna.pcpartpicker.com/static/forever/images/product/d09eec8c3a6cc5ca7e2138570c44cb17.256p.jpg,https://pcpartpicker.com/product/3wgFf7/adata-xpg-gammix-s5-2-tb-m2-2280-nvme-solid-state-drive-agammixs5-2tt-c,NVME,2000
storage,Silicon Power XD80 2 TB M.2-2280 PCIe 3.0 X4 NVME Solid State Drive (SP002TBP34XD8005),https://cdna.pcpartpicker.com/static/forever/images/product/4b8c8f129cd4680e0d7448e585fc5071.256p.jpg,https://pcpartpicker.com/product/qBytt6/silicon-power-xd80-2-tb-m2-2280-nvme-solid-state-drive-sp002tbp34xd8005,NVME,2000
storage,TEAMGROUP MP34Q 2 TB M.2-2280 PCIe 3.0 X4 NVME Solid State Drive (TM8FPJ2000G0C101),https://cdna.pcpartpicker.com/static/forever/images/product/dd425249dfaffd9462053f5dd33a1fb0.256p.jpg,https://pcpartpicker.com/product/dq7G3C/teamgroup-mp34q-2-tb-m2-2280-nvme-solid-state-drive-tm8fpj2000g0c101,NVME,2000
storage,KIOXIA EXCERIA PLUS 2 TB M.2-2280 PCIe 3.0 X4 NVME Solid State Drive (LRD10Z002TG8),https://cdna.pcpartpicker.com/static/forever/images/product/3b36355776a4c941cc5a3de78e1ef18e.256p.jpg,https://pcpartpicker.com/product/gQJgXL/kioxia-exceria-plus-2-tb-m2-2280-nvme-solid-state-drive-lrd10z002tg8,NVME,2000
storage,TEAMGROUP T-Force Cardea Ceramic C440 2 TB M.2-2280 PCIe 4.0 X4 NVME Solid State Drive (TM8FPA002T0C410),https://cdna.pcpartpicker.com/static/forever/images/product/d430e872a75b82b5031b443c08b72d05.256p.jpg,https://pcpartpicker.com/product/nKwypg/teamgroup-t-force-cardea-ceramic-c440-2-tb-m2-2280-nvme-solid-state-drive-tm8fpa002t0c410,NVME,2000
storage,Intel DC P4101 2 TB M.2-2280 PCIe 3.0 X4 NVME Solid State Drive (SSDPEKKA020T801),https://cdna.pcpartpicker.com/static/forever/images/product/a5b8991c9b3be83cb56999f74fdb622d.256p.jpg,https://pcpartpicker.com/product/MPPKHx/intel-dc-p4101-2-tb-m2-2280-nvme-solid-state-drive-ssdpekka020t801,NVME,2000
storage,Timetec 35TTTDGE4NVME-2TBH 2 TB M.2-2280 PCIe 4.0 X4 NVME Solid State Drive (35TTTDGE4NVME-2TBH),https://upload.wikimedia.org/wikipedia/commons/thumb/a/ac/No_image_available.svg/256px-No_image_available.jpg,https://pcpartpicker.com/product/tgbRsY/timetec-35tttdge4nvme-2tbh-2-tb-m2-2280-pcie-40-x4-nvme-solid-state-drive-35tttdge4nvme-2tbh,NVME,2000
storage,VisionTek DLX4 Pro 2 TB M.2-2280 PCIe 4.0 X4 NVME Solid State Drive (901569),https://cdna.pcpartpicker.com/static/forever/images/product/37c6778236d46821e9b7dd0e094311e2.256p.jpg,https://pcpartpicker.com/product/Z288TW/visiontek-dlx4-pro-2-tb-m2-2280-pcie-40-x4-nvme-solid-state-drive-901569,NVME,2000
storage,TEAMGROUP MP44S 2 TB M.2-2230 PCIe 4.0 X4 NVME Solid State Drive (TM5FF3002T0C101),https://cdna.pcpartpicker.com/static/forever/images/product/48798fdaca627eb9bfc975ca11ccc890.256p.jpg,https://pcpartpicker.com/product/PHGhP6/teamgroup-mp44s-2-tb-m2-2230-pcie-40-x4-nvme-solid-state-drive-tm5ff3002t0c101,NVME,2000
storage,ADATA XPG GAMMIX S50 2 TB M.2-2280 PCIe 4.0 X4 NVME Solid State Drive (AGAMMIXS50-2TT-C),https://cdna.pcpartpicker.com/static/forever/images/product/98916d132241ce64f4cc30f52a70bbfe.256p.jpg,https://pcpartpicker.com/product/WfmFf7/adata-xpg-gammix-s50-2-tb-m2-2280-nvme-solid-state-drive-agammixs50-2tt-c,NVME,2000
storage,KIOXIA EXCERIA PLUS G2 2 TB M.2-2280 PCIe 3.0 X4 NVME Solid State Drive (LRD20Z002TG8),https://cdna.pcpartpicker.com/static/forever/images/product/27915301affb1ec34622268fc767003f.256p.jpg,https://pcpartpicker.com/product/3ggFf7/kioxia-exceria-plus-g2-2-tb-m2-2280-nvme-solid-state-drive-lrd20z002tg8,NVME,2000
storage,MSI SPATIUM M460 HS 2 TB M.2-2280 PCIe 4.0 X4 NVME Solid State Drive (SPATIUM-M460-HS-2TB),https://upload.wikimedia.org/wikipedia/commons/thumb/a/ac/No_image_available.svg/256px-No_image_available.jpg,https://pcpartpicker.com/product/dxZ9TW/msi-spatium-m460-hs-2-tb-m2-2280-pcie-40-x4-nvme-solid-state-drive-spatium-m460-hs-2tb,NVME,2000
storage,Leven JPX600 PRO 2 TB M.2-2280 PCIe 4.0 X4 NVME Solid State Drive (JPX600PRO-2TB),https://upload.wikimedia.org/wikipedia/commons/thumb/a/ac/No_image_available.svg/256px-No_image_available.jpg,https://pcpartpicker.com/product/k23NnQ/leven-jpx600-pro-2-tb-m2-2280-pcie-40-x4-nvme-solid-state-drive-jpx600pro-2tb,NVME,2000
storage,Timetec PINNACLE SD1-INDEX 2 TB M.2-2280 PCIe 4.0 X4 NVME Solid State Drive (35PNTDGE4NVMEGH-2TB),https://upload.wikimedia.org/wikipedia/commons/thumb/a/ac/No_image_available.svg/256px-No_image_available.jpg,https://pcpartpicker.com/product/FGLdnQ/timetec-pinnacle-sd1-index-2-tb-m2-2280-pcie-40-x4-nvme-solid-state-drive-35pntdge4nvmegh-2tb,NVME,2000
storage,Leven JP600 2 TB M.2-2280 PCIe 3.0 X4 NVME Solid State Drive (JP600-2TB),https://m.media-amazon.com/images/I/41quTLq56YL.jpg,https://pcpartpicker.com/product/zfmNnQ/leven-jp600-2-tb-m2-2280-pcie-30-x4-nvme-solid-state-drive-jp600-2tb,NVME,2000
storage,Western Digital PC SN740 Opal 2 TB M.2-2230 PCIe 4.0 X4 NVME Solid State Drive (SDDQTQE-2T00),https://upload.wikimedia.org/wikipedia/commons/thumb/a/ac/No_image_available.svg/256px-No_image_available.jpg,https://pcpartpicker.com/product/YF4Zxr/western-digital-pc-sn740-opal-2-tb-m2-2230-pcie-40-x4-nvme-solid-state-drive-sddqtqe-2t00,NVME,2000
storage,Silicon Power UD70 2 TB M.2-2280 PCIe 3.0 X4 NVME Solid State Drive (SP02KGBP34UD7005),https://cdna.pcpartpicker.com/static/forever/images/product/65df55405b60e97700fb0af8d85e2c91.256p.jpg,https://pcpartpicker.com/product/jRZzK8/silicon-power-ud70-2-tb-m2-2280-nvme-solid-state-drive-sp02kgbp34ud7005,NVME,2000
storage,Apacer PP3480 2 TB M.2-2280 PCIe 3.0 X4 NVME Solid State Drive (AP2TPP3480-R),https://upload.wikimedia.org/wikipedia/commons/thumb/a/ac/No_image_available.svg/256px-No_image_available.jpg,https://pcpartpicker.com/product/8yXJ7P/apacer-pp3480-2-tb-m2-2280-nvme-solid-state-drive-ap2tpp3480-r,NVME,2000
storage,ADATA LEGEND 840 2 TB M.2-2280 PCIe 4.0 X4 NVME Solid State Drive (ALEG-840-2TCS),https://upload.wikimedia.org/wikipedia/commons/thumb/a/ac/No_image_available.svg/256px-No_image_available.jpg,https://pcpartpicker.com/product/WrKKHx/adata-legend-840-2-tb-m2-2280-nvme-solid-state-drive-aleg-840-2tcs,NVME,2000
storage,TEAMGROUP T-Force Cardea Zero Z340 2 TB M.2-2280 PCIe 3.0 X4 NVME Solid State Drive (TM8FP9002T0C311),https://m.media-amazon.com/images/I/41zDOuDPK8S.jpg,https://pcpartpicker.com/product/NZpzK8/teamgroup-t-force-cardea-zero-z340-2-tb-m2-2280-nvme-solid-state-drive-tm8fp9002t0c311,NVME,2000
storage,V7 V7SSD2TBNV3U 2 TB M.2-2280 PCIe 3.0 X4 NVME Solid State Drive (V7SSD2TBNV3U),https://upload.wikimedia.org/wikipedia/commons/thumb/a/ac/No_image_available.svg/256px-No_image_available.jpg,https://pcpartpicker.com/product/vWxRsY/v7-v7ssd2tbnv3u-2-tb-m2-2280-pcie-30-x4-nvme-solid-state-drive-v7ssd2tbnv3u,NVME,2000
storage,V7 V7SSD2TBNV4U 2 TB M.2-2280 PCIe 4.0 X4 NVME Solid State Drive (V7SSD2TBNV4U),https://upload.wikimedia.org/wikipedia/commons/thumb/a/ac/No_image_available.svg/256px-No_image_available.jpg,https://pcpartpicker.com/product/HBwypg/v7-v7ssd2tbnv4u-2-tb-m2-2280-pcie-40-x4-nvme-solid-state-drive-v7ssd2tbnv4u,NVME,2000
storage,Fastro MS250 2 TB M.2-2280 PCIe 3.0 X4 NVME Solid State Drive (MS250200TTS),https://upload.wikimedia.org/wikipedia/commons/thumb/a/ac/No_image_available.svg/256px-No_image_available.jpg,https://pcpartpicker.com/product/GH6p99/fastro-ms250-2-tb-m2-2280-pcie-30-x4-nvme-solid-state-drive-ms250200tts,NVME,2000
storage,Fastro MS300 2 TB M.2-2280 PCIe 4.0 X4 NVME Solid State Drive (MS300200TTI),https://upload.wikimedia.org/wikipedia/commons/thumb/a/ac/No_image_available.svg/256px-No_image_available.jpg,https://pcpartpicker.com/product/DMBG3C/fastro-ms300-2-tb-m2-2280-pcie-40-x4-nvme-solid-state-drive-ms300200tti,NVME,2000
storage,Mushkin Delta 2 TB M.2-2280 PCIe 4.0 X4 NVME Solid State Drive (MKNSSDDE2TB-D8),https://m.media-amazon.com/images/I/41whGWNJKoS.jpg,https://pcpartpicker.com/product/nwYmP6/mushkin-delta-2-tb-m2-2280-pcie-40-x4-nvme-solid-state-drive-mknssdde2tb-d8,NVME,2000
storage,ADATA LEGEND 800 GOLD 2 TB M.2-2280 PCIe 4.0 X4 NVME Solid State Drive (SLEG-800G-2000GCS-S38),https://upload.wikimedia.org/wikipedia/commons/thumb/a/ac/No_image_available.svg/256px-No_image_available.jpg,https://pcpartpicker.com/product/CHxxFT/adata-legend-800-gold-2-tb-m2-2280-pcie-40-x4-nvme-solid-state-drive-sleg-800g-2000gcs-s38,NVME,2000
storage,Netac NV3000 RGB 2 TB M.2-2280 PCIe 3.0 X4 NVME Solid State Drive (NT01NV3000RGB-2T0-E4X),https://upload.wikimedia.org/wikipedia/commons/thumb/a/ac/No_image_available.svg/256px-No_image_available.jpg,https://pcpartpicker.com/product/3BZXsY/netac-nv3000-rgb-2-tb-m2-2280-pcie-30-x4-nvme-solid-state-drive-nt01nv3000rgb-2t0-e4x,NVME,2000
storage,Western Digital PC SN740 Pyrite 2 TB M.2-2280 PCIe 4.0 X4 NVME Solid State Drive (SDDPNQE-2T00),https://upload.wikimedia.org/wikipedia/commons/thumb/a/ac/No_image_available.svg/256px-No_image_available.jpg,https://pcpartpicker.com/product/BndG3C/western-digital-pc-sn740-pyrite-2-tb-m2-2280-pcie-40-x4-nvme-solid-state-drive-sddpnqe-2t00,NVME,2000
storage,VisionTek PRO XPN 2 TB M.2-2280 PCIe 3.0 X4 NVME Solid State Drive (901308),https://cdna.pcpartpicker.com/static/forever/images/product/ba49469659e149e716a5312120328a5b.256p.jpg,https://pcpartpicker.com/product/MRYQzy/visiontek-pro-xpn-2-tb-m2-2280-nvme-solid-state-drive-901308,NVME,2000
storage,ADATA XPG GAMMIX S7 2 TB M.2-2280 PCIe 3.0 X4 NVME Solid State Drive (AGAMMIXS7-2TT-C),https://m.media-amazon.com/images/I/31zWfoPyqvL.jpg,https://pcpartpicker.com/product/NFWBD3/adata-xpg-gammix-s7-2-tb-m2-2280-nvme-solid-state-drive-agammixs7-2tt-c,NVME,2000
storage,Kingston KC3000 2.048 TB M.2-2280 PCIe 4.0 X4 NVME Solid State Drive (SKC3000D/2048G),https://m.media-amazon.com/images/I/31p3IUZV+ZL.jpg,https://pcpartpicker.com/product/sJPQzy/kingston-kc3000-2048-tb-m2-2280-nvme-solid-state-drive-skc3000d2048g,NVME,2000
storage,Intel 660p 2.048 TB M.2-2280 PCIe 3.0 X4 NVME Solid State Drive (SSDPEKNW020T8X1),https://cdna.pcpartpicker.com/static/forever/images/product/72ac6b04347d22c2592029d4a49bc5ed.256p.jpg,https://pcpartpicker.com/product/7MQG3C/intel-660p-series-2tb-m2-2280-solid-state-drive-ssdpeknw020t8x1,NVME,2000
storage,Transcend 250S 4 TB M.2-2280 PCIe 4.0 X4 NVME Solid State Drive (TS4TMTE250S),https://m.media-amazon.com/images/I/31ptqw8CCQL.jpg,https://pcpartpicker.com/product/rGjRsY/transcend-250s-4-tb-m2-2280-pcie-40-x4-nvme-solid-state-drive-ts4tmte250s,NVME,2000
storage,Transcend 250H 4 TB M.2-2280 PCIe 4.0 X4 NVME Solid State Drive (TS4TMTE250H),https://m.media-amazon.com/images/I/41OL3y5doIL.jpg,https://pcpartpicker.com/product/tr6NnQ/transcend-250h-4-tb-m2-2280-pcie-40-x4-nvme-solid-state-drive-ts4tmte250h,NVME,2000
storage,Micron 2200 1 TB M.2-2280 PCIe 3.0 X4 NVME Solid State Drive (MTFDHBA1T0TCK-1AT15A),https://cdna.pcpartpicker.com/static/forever/images/product/bb688223e75e495cd169ac62430e96ee.256p.jpg,https://pcpartpicker.com/product/HXCD4D/micron-2200-1-tb-m2-2280-nvme-solid-state-drive-mtfdhba1t0tck-1at15a,NVME,2000
storage,Western Digital Black SN850X 4 TB M.2-2280 PCIe 4.0 X4 NVME Solid State Drive (WDS400T2X0E),https://cdna.pcpartpicker.com/static/forever/images/product/8e6dbae8a0f3c6572216c8758ce5a0b5.256p.jpg,https://pcpartpicker.com/product/yBC48d/western-digital-black-sn850x-4-tb-m2-2280-pcie-40-x4-nvme-solid-state-drive-wds400t2x0e,NVME,2000
storage,Sabrent Rocket 4 Plus 8 TB M.2-2280 PCIe 4.0 X4 NVME Solid State Drive (SB-RKT4P-8TB),https://cdna.pcpartpicker.com/static/forever/images/product/a1f3e983bdceebc282929dee27df1db3.256p.jpg,https://pcpartpicker.com/product/CTTp99/sabrent-rocket-4-plus-8-tb-m2-2280-nvme-solid-state-drive-sb-rkt4p-8tb,NVME,2000
storage,Crucial P3 Plus 4 TB M.2-2280 PCIe 4.0 X4 NVME Solid State Drive (CT4000P3PSSD8),https://m.media-amazon.com/images/I/31nXTKlKQYL.jpg,https://pcpartpicker.com/product/PPpzK8/crucial-p3-plus-4-tb-m2-2280-nvme-solid-state-drive-ct4000p3pssd8,NVME,2000
storage,Crucial T700 4 TB M.2-2280 PCIe 5.0 X4 NVME Solid State Drive (CT4000T700SSD3),https://cdna.pcpartpicker.com/static/forever/images/product/708ad07de98d1fb30d2435a7ef47b3ab.256p.jpg,https://pcpartpicker.com/product/xhkH99/crucial-t700-4-tb-m2-2280-pcie-50-x4-nvme-solid-state-drive-ct4000t700ssd3,NVME,2000
storage,Crucial P3 4 TB M.2-2280 PCIe 3.0 X4 NVME Solid State Drive (CT4000P3SSD8),https://m.media-amazon.com/images/I/318lV0rfJoL.jpg,https://pcpartpicker.com/product/JhzhP6/crucial-p3-4-tb-m2-2280-nvme-solid-state-drive-ct4000p3ssd8,NVME,2000
storage,Corsair MP600 PRO XT 8 TB M.2-2280 PCIe 4.0 X4 NVME Solid State Drive (CSSD-F8000GBMP600PXT),https://cdna.pcpartpicker.com/static/forever/images/product/a17235b67145b077f7c7db6f1eb7348b.256p.jpg,https://pcpartpicker.com/product/8zmmP6/corsair-mp600-pro-xt-8-tb-m2-2280-pcie-40-x4-nvme-solid-state-drive-cssd-f8000gbmp600pxt,NVME,2000
storage,MSI SPATIUM M461 4 TB M.2-2280 PCIe 4.0 X4 NVME Solid State Drive (SPATIUM M461 4TB),https://cdna.pcpartpicker.com/static/forever/images/product/29f5e08ea7759a711c99b825b7593c93.256p.jpg,https://pcpartpicker.com/product/79NYcf/msi-spatium-m461-4-tb-m2-2280-pcie-40-x4-nvme-solid-state-drive-spatium-m461-4tb,NVME,2000
storage,Crucial T700 W/Heatsink 4 TB M.2-2280 PCIe 5.0 X4 NVME Solid State Drive (CT4000T700SSD5),https://cdna.pcpartpicker.com/static/forever/images/product/aeb312f0e26355b4840393bd66b512cb.256p.jpg,https://pcpartpicker.com/product/Vtn9TW/crucial-t700-wheatsink-4-tb-m2-2280-pcie-50-x4-nvme-solid-state-drive-ct4000t700ssd5,NVME,2000
storage,Mushkin ALPHA 8 TB M.2-2280 PCIe 3.0 X4 NVME Solid State Drive (MKNSSDAL8TB-D8),https://cdna.pcpartpicker.com/static/forever/images/product/2953d790d1ee333043c6037bb3701196.256p.jpg,https://pcpartpicker.com/product/mh4BD3/mushkin-alpha-8-tb-m2-2280-nvme-solid-state-drive-mknssdal8tb-d8,NVME,2000
storage,Corsair MP600 PRO NH 8 TB M.2-2280 PCIe 4.0 X4 NVME Solid State Drive (CSSD-F8000GBMP600PNH),https://cdna.pcpartpicker.com/static/forever/images/product/b9354d5f408a8a8f84148d0dc78cf2e2.256p.jpg,https://pcpartpicker.com/product/T8LFf7/corsair-mp600-pro-nh-8-tb-m2-2280-pcie-40-x4-nvme-solid-state-drive-cssd-f8000gbmp600pnh,NVME,2000
storage,Sabrent Rocket 4 Plus 4 TB M.2-2280 PCIe 4.0 X4 NVME Solid State Drive (SB-RKT4P-4TB),https://cdna.pcpartpicker.com/static/forever/images/product/3a2f85f2a9c9e313607ed13b81045b8b.256p.jpg,https://pcpartpicker.com/product/2QZ9TW/sabrent-rocket-4-plus-4-tb-m2-2280-nvme-solid-state-drive-sb-rkt4p-4tb,NVME,2000
storage,Seagate FireCuda 530 4 TB M.2-2280 PCIe 4.0 X4 NVME Solid State Drive (ZP4000GM3A013),https://cdna.pcpartpicker.com/static/forever/images/product/45bb5064d2cbc808e4be407cab78f026.256p.jpg,https://pcpartpicker.com/product/CVmmP6/seagate-firecuda-530-4-tb-m2-2280-nvme-solid-state-drive-zp4000gm3a013,NVME,2000
storage,TEAMGROUP MP34 4 TB M.2-2280 PCIe 3.0 X4 NVME Solid State Drive (TM8FP4004T0C101),https://cdna.pcpartpicker.com/static/forever/images/product/bb4f2852e3f127d0c0165ab309427252.256p.jpg,https://pcpartpicker.com/product/FZWzK8/teamgroup-mp34-4-tb-m2-2280-nvme-solid-state-drive-tm8fp4004t0c101,NVME,2000
storage,Corsair MP600 CORE XT 4 TB M.2-2280 PCIe 4.0 X4 NVME Solid State Drive (CSSD-F4000GBMP600CXT),https://cdna.pcpartpicker.com/static/forever/images/product/72ef56a7a1e4daa2e550a57f9abcc9f1.256p.jpg,https://pcpartpicker.com/product/Y9GhP6/corsair-mp600-core-xt-4-tb-m2-2280-pcie-40-x4-nvme-solid-state-drive-cssd-f4000gbmp600cxt,NVME,2000
storage,Kingston NV2 4 TB M.2-2280 PCIe 4.0 X4 NVME Solid State Drive (SNV2S/4000G),https://cdna.pcpartpicker.com/static/forever/images/product/88465a661616c15f4525d52bd9e0df78.256p.jpg,https://pcpartpicker.com/product/CKpQzy/kingston-nv2-4-tb-m2-2280-pcie-40-x4-nvme-solid-state-drive-snv2s4000g,NVME,2000
storage,Kingston Fury Renegade 4 TB M.2-2280 PCIe 4.0 X4 NVME Solid State Drive (SFYRD/4000G),https://cdna.pcpartpicker.com/static/forever/images/product/48db668e57e4274d0e9c80574c6cee99.256p.jpg,https://pcpartpicker.com/product/3M2WGX/kingston-fury-renegade-4-tb-m2-2280-nvme-solid-state-drive-sfyrd4000g,NVME,2000
storage,Leven JP600 4 TB M.2-2280 PCIe 3.0 X4 NVME Solid State Drive (JP600-4TB),https://m.media-amazon.com/images/I/41quTLq56YL.jpg,https://pcpartpicker.com/product/BjWJ7P/leven-jp600-4-tb-m2-2280-pcie-30-x4-nvme-solid-state-drive-jp600-4tb,NVME,2000
storage,Silicon Power UD90 4 TB M.2-2280 PCIe 4.0 X4 NVME Solid State Drive (SP04KGBP44UD9005),https://m.media-amazon.com/images/I/31Jz10dwCWL.jpg,https://pcpartpicker.com/product/2BvD4D/silicon-power-ud90-4-tb-m2-2280-pcie-40-x4-nvme-solid-state-drive-sp04kgbp44ud9005,NVME,2000
storage,Samsung 990 Pro 4 TB M.2-2280 PCIe 4.0 X4 NVME Solid State Drive (MZ-V9P4T0BW),https://upload.wikimedia.org/wikipedia/commons/thumb/a/ac/No_image_available.svg/256px-No_image_available.jpg,https://pcpartpicker.com/product/RKYmP6/samsung-990-pro-4-tb-m2-2280-pcie-40-x4-nvme-solid-state-drive-mz-v9p4t0bw,NVME,2000
storage,Silicon Power XS70 4 TB M.2-2280 PCIe 4.0 X4 NVME Solid State Drive (SP04KGBP44XS7005),https://cdna.pcpartpicker.com/static/forever/images/product/b5c093326e7f16f0d34445e39316f0ea.256p.jpg,https://pcpartpicker.com/product/gLXJ7P/silicon-power-xs70-4-tb-m2-2280-pcie-40-x4-nvme-solid-state-drive-sp04kgbp44xs7005,NVME,2000
storage,Sabrent Rocket Q 8 TB M.2-2280 PCIe 3.0 X4 NVME Solid State Drive (SB-RKTQ-8TB),https://m.media-amazon.com/images/I/41bVN1EMxFL.jpg,https://pcpartpicker.com/product/qdPgXL/sabrent-rocket-q-8-tb-m2-2280-nvme-solid-state-drive-sb-rktq-8tb,NVME,2000
storage,Kingston KC3000 4.096 TB M.2-2280 PCIe 4.0 X4 NVME Solid State Drive (SKC3000D/4096G),https://m.media-amazon.com/images/I/31p3IUZV+ZL.jpg,https://pcpartpicker.com/product/yfGbt6/kingston-kc3000-4096-tb-m2-2280-nvme-solid-state-drive-skc3000d4096g,NVME,2000
storage,TEAMGROUP MP44 8 TB M.2-2280 PCIe 4.0 X4 NVME Solid State Drive (TM8FPW008T0C101),https://cdna.pcpartpicker.com/static/forever/images/product/f0fb92a2c45f07e271a0b639562e0031.256p.jpg,https://pcpartpicker.com/product/cvjRsY/teamgroup-mp44-8-tb-m2-2280-pcie-40-x4-nvme-solid-state-drive-tm8fpw008t0c101,NVME,2000
storage,Sabrent Rocket 4 Plus G 4 TB M.2-2280 PCIe 4.0 X4 NVME Solid State Drive (SB-RKTG-4TB),https://cdna.pcpartpicker.com/static/forever/images/product/64e706ebcc964f75f58669c7f0df9a48.256p.jpg,https://pcpartpicker.com/product/LZkWGX/sabrent-rocket-4-plus-g-4-tb-m2-2280-pcie-40-x4-nvme-solid-state-drive-sb-rktg-4tb,NVME,2000
storage,Mushkin Gamma 8 TB M.2-2280 PCIe 4.0 X4 NVME Solid State Drive (MKNSSDGA8TB-D8),https://m.media-amazon.com/images/I/31cp25MypNS.jpg,https://pcpartpicker.com/product/RRGhP6/mushkin-gamma-8-tb-m2-2280-pcie-40-x4-nvme-solid-state-drive-mknssdga8tb-d8,NVME,2000
storage,Samsung 990 Pro w/Heatsink 4 TB M.2-2280 PCIe 4.0 X4 NVME Solid State Drive (MZ-V9P4T0CW),https://upload.wikimedia.org/wikipedia/commons/thumb/a/ac/No_image_available.svg/256px-No_image_available.jpg,https://pcpartpicker.com/product/VWxRsY/samsung-990-pro-heatsink-4-tb-m2-2280-pcie-40-x4-nvme-solid-state-drive-mz-v9p4t0cw,NVME,2000
storage,Seagate FireCuda 530 w/Heatsink 4 TB M.2-2280 PCIe 4.0 X4 NVME Solid State Drive (ZP4000GM3A023),https://cdna.pcpartpicker.com/static/forever/images/product/c4fb278d586a7cba42674087dd6496a4.256p.jpg,https://pcpartpicker.com/product/rfnypg/seagate-firecuda-530-wheatsink-4-tb-m2-2280-pcie-40-x4-nvme-solid-state-drive-zp4000gm3a023,NVME,2000
storage,Corsair CSSD-F4000GBMP600PXT 4 TB M.2-2280 PCIe 4.0 X4 NVME Solid State Drive (CSSD-F4000GBMP600PXT),https://m.media-amazon.com/images/I/31FEL4CL8NL.jpg,https://pcpartpicker.com/product/FLpzK8/corsair-4-tb-m2-2280-nvme-solid-state-drive-cssd-f4000gbmp600pxt,NVME,2000
storage,Corsair MP600 PRO NH 4 TB M.2-2280 PCIe 4.0 X4 NVME Solid State Drive (CSSD-F4000GBMP600PNH),https://m.media-amazon.com/images/I/41uT0-tCnDL.jpg,https://pcpartpicker.com/product/Bw92FT/corsair-mp600-pro-nh-4-tb-m2-2280-pcie-40-x4-nvme-solid-state-drive-cssd-f4000gbmp600pnh,NVME,2000
storage,Kingston Fury Renegade with Heat Sink 4 TB M.2-2280 PCIe 4.0 X4 NVME Solid State Drive (SFYRDK/4000G),https://cdna.pcpartpicker.com/static/forever/images/product/fffe1ba051b880e726abe0550d5fe502.256p.jpg,https://pcpartpicker.com/product/c3KKHx/kingston-fury-renegade-with-heat-sink-4-tb-m2-2280-pcie-40-x4-nvme-solid-state-drive-sfyrdk4000g,NVME,2000
storage,Sabrent Rocket 4 TB M.2-2280 PCIe 3.0 X4 NVME Solid State Drive (SB-ROCKET-4TB),https://m.media-amazon.com/images/I/41u+-jMBZuL.jpg,https://pcpartpicker.com/product/r3RgXL/sabrent-rocket-4-tb-m2-2280-nvme-solid-state-drive-sb-rocket-4tb,NVME,2000
storage,Corsair MP600 PRO 4 TB M.2-2280 PCIe 4.0 X4 NVME Solid State Drive (CSSD-F4000GBMP600PRO),https://cdna.pcpartpicker.com/static/forever/images/product/e830860741b3fea9d1a0677f107d65fb.256p.jpg,https://pcpartpicker.com/product/LJBG3C/corsair-mp600-pro-4-tb-m2-2280-nvme-solid-state-drive-cssd-f4000gbmp600pro,NVME,2000
storage,ADATA XPG GAMMIX S70 Blade 4 TB M.2-2280 PCIe 4.0 X4 NVME Solid State Drive (AGAMMIXS70B-4T-CS),https://cdna.pcpartpicker.com/static/forever/images/product/66955dce777693cbfff5d151dd4e6918.256p.jpg,https://pcpartpicker.com/product/Bf9wrH/adata-xpg-gammix-s70-blade-4-tb-m2-2280-pcie-40-x4-nvme-solid-state-drive-agammixs70b-4t-cs,NVME,2000
storage,PNY CS2241 4 TB M.2-2280 PCIe 4.0 X4 NVME Solid State Drive (M280CS2241-4TB-CL),https://cdna.pcpartpicker.com/static/forever/images/product/c1126d3f398b945ef1a2f31e603b2245.256p.jpg,https://pcpartpicker.com/product/zdCZxr/pny-cs2241-4-tb-m2-2280-pcie-40-x4-nvme-solid-state-drive-m280cs2241-4tb-cl,NVME,2000
storage,ADATA XPG SPECTRIX S40G RGB 4 TB M.2-2280 PCIe 3.0 X4 NVME Solid State Drive (AS40G-4TT-C),https://cdna.pcpartpicker.com/static/forever/images/product/7c11d9a87a4c27be38eb13ff580c6b9e.256p.jpg,https://pcpartpicker.com/product/kFgFf7/adata-xpg-spectrix-s40g-rgb-4-tb-m2-2280-nvme-solid-state-drive-as40g-4tt-c,NVME,2000
storage,Inland Performance Plus 8 TB M.2-2280 PCIe 4.0 X4 NVME Solid State Drive (8TB PER PLUS W/),https://m.media-amazon.com/images/I/41+ANH0IgiL.jpg,https://pcpartpicker.com/product/HTddnQ/inland-performance-plus-8-tb-m2-2280-pcie-40-x4-nvme-solid-state-drive-8tb-per-plus-w,NVME,2000
storage,Inland 1TB TD510 NVME 1 TB M.2-2280 PCIe 5.0 X4 NVME Solid State Drive (1TB TD510 NVME),https://m.media-amazon.com/images/I/410zqAx038L.jpg,https://pcpartpicker.com/product/yrMMnQ/inland-1tb-td510-nvme-1-tb-m2-2280-pcie-50-x4-nvme-solid-state-drive-1tb-td510-nvme,NVME,2000
storage,TEAMGROUP T-Force Cardea Z44Q 4 TB M.2-2280 PCIe 4.0 X4 NVME Solid State Drive (TM8FPQ004T0C327),https://cdna.pcpartpicker.com/static/forever/images/product/061e2224e859b940d03156b0679eac61.256p.jpg,https://pcpartpicker.com/product/7mRYcf/teamgroup-t-force-cardea-z44q-4-tb-m2-2280-nvme-solid-state-drive-tm8fpq004t0c327,NVME,2000
storage,Addlink S95 8 TB M.2-2280 PCIe 4.0 X4 NVME Solid State Drive (ad8TBS95M2P),https://m.media-amazon.com/images/I/41KEN7Iw--L.jpg,https://pcpartpicker.com/product/rfyH99/addlink-s95-8-tb-m2-2280-pcie-40-x4-nvme-solid-state-drive-ad8tbs95m2p,NVME,2000
storage,Western Digital Red 4 TB M.2-2280 PCIe 3.0 X4 NVME Solid State Drive (WDS400T1R0C),https://cdna.pcpartpicker.com/static/forever/images/product/03d018e399fae485ee8264eaf7bb2ae1.256p.jpg,https://pcpartpicker.com/product/8hYmP6/western-digital-wd-red-sn700-4-tb-m2-2280-nvme-solid-state-drive-wds400t1r0c,NVME,2000
storage,Corsair MP600 PRO LPX 4 TB M.2-2280 PCIe 4.0 X4 NVME Solid State Drive (CSSD-F4000GBMP600PLP),https://cdna.pcpartpicker.com/static/forever/images/product/ef068b02619c4350195aec43edde2c52.256p.jpg,https://pcpartpicker.com/product/q6ddnQ/corsair-mp600-pro-lpx-4-tb-m2-2280-nvme-solid-state-drive-cssd-f4000gbmp600plp,NVME,2000
storage,Western Digital WD_BLACK SN850P for PS5 4 TB M.2-2280 PCIe 4.0 X4 NVME Solid State Drive (WDBBYV0040BNC-WRSN),https://m.media-amazon.com/images/I/31AvWWHMITL.jpg,https://pcpartpicker.com/product/hFP8TW/western-digital-wd_black-sn850p-for-ps5-4-tb-m2-2280-pcie-40-x4-nvme-solid-state-drive-wdbbyv0040bnc-wrsn,NVME,2000
storage,Lexar NM790 4 TB M.2-2280 PCIe 4.0 X4 NVME Solid State Drive (LNM790X004T-RNNNG),https://m.media-amazon.com/images/I/410m8y+8sIL.jpg,https://pcpartpicker.com/product/cDJp99/lexar-nm790-4-tb-m2-2280-pcie-40-x4-nvme-solid-state-drive-lnm790x004t-rnnng,NVME,2000
storage,TEAMGROUP MP44 4 TB M.2-2280 PCIe 4.0 X4 NVME Solid State Drive (TM8FPW004T0C101),https://cdna.pcpartpicker.com/static/forever/images/product/e6f690b84c15d5854933edd262dc77c0.256p.jpg,https://pcpartpicker.com/product/CVWJ7P/teamgroup-mp44-4-tb-m2-2280-pcie-40-x4-nvme-solid-state-drive-tm8fpw004t0c101,NVME,2000
storage,TEAMGROUP T-Force Cardea A440 Pro 4 TB M.2-2280 PCIe 4.0 X4 NVME Solid State Drive (TM8FPR004T0C129),https://cdna.pcpartpicker.com/static/forever/images/product/4ccb73baed8f94574445976fdb82509d.256p.jpg,https://pcpartpicker.com/product/d392FT/teamgroup-t-force-cardea-a440-pro-4-tb-m2-2280-nvme-solid-state-drive-tm8fpr004t0c129,NVME,2000
storage,Inland Platinum 8 TB M.2-2280 PCIe 3.0 X4 NVME Solid State Drive (8TB QLC NVME),https://m.media-amazon.com/images/I/416NRU4MQYL.jpg,https://pcpartpicker.com/product/7wqPxr/inland-platinum-8-tb-m2-2280-nvme-solid-state-drive-8tb-qlc-nvme,NVME,2000
storage,PNY XLR8 CS3040 4 TB M.2-2280 PCIe 4.0 X4 NVME Solid State Drive (M280CS3040-4TB-RB),https://m.media-amazon.com/images/I/41rYhOEiE+L.jpg,https://pcpartpicker.com/product/46QcCJ/pny-xlr8-cs03040-4-tb-m2-2280-nvme-solid-state-drive-m280cs3040-4tb-rb,NVME,2000
storage,Fantom Drives VENOM8 8 TB M.2-2280 PCIe 4.0 X4 NVME Solid State Drive (VM8X80),https://m.media-amazon.com/images/I/41i4ZOYgHlL.jpg,https://pcpartpicker.com/product/NdCZxr/fantom-drives-venom8-8-tb-m2-2280-pcie-40-x4-nvme-solid-state-drive-vm8x80,NVME,2000
storage,Inland Performance Plus 4 TB M.2-2280 PCIe 4.0 X4 NVME Solid State Drive (386813),https://m.media-amazon.com/images/I/41aJUJzD5zL.jpg,https://pcpartpicker.com/product/skQcCJ/inland-performance-plus-4-tb-m2-2280-nvme-solid-state-drive-386813,NVME,2000
storage,Sabrent Rocket Q 4 TB M.2-2280 PCIe 3.0 X4 NVME Solid State Drive (SB-RKTQ-4TB),https://m.media-amazon.com/images/I/41TJURUsSXL.jpg,https://pcpartpicker.com/product/M2MTwP/sabrent-rocket-q-4-tb-m2-2280-nvme-solid-state-drive-sb-rktq-4tb,NVME,2000
storage,Inland Gaming Performance Plus 8 TB M.2-2280 PCIe 4.0 X4 NVME Solid State Drive (8TB PER SSD PS5),https://m.media-amazon.com/images/I/31sRhU-Z6oL.jpg,https://pcpartpicker.com/product/hwGbt6/inland-gaming-performance-plus-8-tb-m2-2280-pcie-40-x4-nvme-solid-state-drive-8tb-per-ssd-ps5,NVME,2000
storage,PNY XLR8 CS3040 w/Heatsink 4 TB M.2-2280 PCIe 4.0 X4 NVME Solid State Drive (M280CS3040HS-4TB-RB),https://cdna.pcpartpicker.com/static/forever/images/product/e29c30626741f548238a6415a6a07eb0.256p.jpg,https://pcpartpicker.com/product/bqZ9TW/pny-xlr8-cs3040-heatsink-4-tb-m2-2280-nvme-solid-state-drive-m280cs3040hs-4tb-rb,NVME,2000
storage,PNY CS3140 4 TB M.2-2280 PCIe 4.0 X4 NVME Solid State Drive (M280CS3140-4TB-RB),https://m.media-amazon.com/images/I/41PXlqEp3uL.jpg,https://pcpartpicker.com/product/4P92FT/pny-cs3140-4-tb-m2-2280-nvme-solid-state-drive-m280cs3140-4tb-rb,NVME,2000
storage,Corsair MP600 PRO LPX 4 TB M.2-2280 PCIe 4.0 X4 NVME Solid State Drive (CSSD-F4000GBMP600PLPW),https://cdna.pcpartpicker.com/static/forever/images/product/683558d76ff8c4a769635cf305fc9c4c.256p.jpg,https://pcpartpicker.com/product/s2RwrH/corsair-mp600-pro-lpx-4-tb-m2-2280-pcie-40-x4-nvme-solid-state-drive-cssd-f4000gbmp600plpw,NVME,2000
storage,ADATA XPG SX8100 4 TB M.2-2280 PCIe 3.0 X4 NVME Solid State Drive (ASX8100NP-4TT-C),https://m.media-amazon.com/images/I/41C-ZAxpR5L.jpg,https://pcpartpicker.com/product/n6bCmG/adata-xpg-8100-4-tb-m2-2280-nvme-solid-state-drive-asx8100np-4tt-c,NVME,2000
storage,Sabrent Rocket Q4 4 TB M.2-2280 PCIe 4.0 X4 NVME Solid State Drive (SB-RKTQ4-4TB),https://m.media-amazon.com/images/I/31-jjJpGu9L.jpg,https://pcpartpicker.com/product/HxMTwP/sabrent-rocket-q4-4-tb-m2-2280-nvme-solid-state-drive-sb-rktq4-4tb,NVME,2000
storage,ADATA LEGEND 960 MAX 4 TB M.2-2280 PCIe 4.0 X4 NVME Solid State Drive (ALEG-960M-4TCS),https://cdna.pcpartpicker.com/static/forever/images/product/757b6c3aaaa307bf949568fcda9232c0.256p.jpg,https://pcpartpicker.com/product/N4DQzy/adata-legend-960-max-4-tb-m2-2280-pcie-40-x4-nvme-solid-state-drive-aleg-960m-4tcs,NVME,2000
storage,Nextorage G-Series 4 TB M.2-2280 PCIe 4.0 X4 NVME Solid State Drive (NE1N4TB),https://m.media-amazon.com/images/I/41ikvZPfmBL.jpg,https://pcpartpicker.com/product/qdFmP6/nextorage-g-series-4-tb-m2-2280-pcie-40-x4-nvme-solid-state-drive-ne1n4tb,NVME,2000
storage,Corsair MP510 4 TB M.2-2280 PCIe 3.0 X4 NVME Solid State Drive (CSSD-F4000GBMP510),https://cdna.pcpartpicker.com/static/forever/images/product/ee90500ef802fa8bedfdd7f5c96341d6.256p.jpg,https://pcpartpicker.com/product/ghwkcf/corsair-mp510-4-tb-m2-2280-nvme-solid-state-drive-cssd-f4000gbmp510,NVME,2000
storage,Corsair MP400 4 TB M.2-2280 PCIe 3.0 X4 NVME Solid State Drive (CSSD-F4000GBMP400),https://cdna.pcpartpicker.com/static/forever/images/product/ff845613cc0803168356a8450932e542.256p.jpg,https://pcpartpicker.com/product/4QrYcf/corsair-mp400-4-tb-m2-2280-nvme-solid-state-drive-cssd-f4000gbmp400,NVME,2000
storage,Western Digital Black SN750 4 TB M.2-2280 PCIe 3.0 X4 NVME Solid State Drive (WDS400T3X0C),https://m.media-amazon.com/images/I/31iFhm8PS1S.jpg,https://pcpartpicker.com/product/tPpzK8/western-digital-black-sn750-4-tb-m2-2280-nvme-solid-state-drive-wds400t3x0c,NVME,2000
storage,Nextorage NEM-PA 4 TB M.2-2280 PCIe 4.0 X4 NVME Solid State Drive (NEM-PA4TB),https://cdna.pcpartpicker.com/static/forever/images/product/349466bd28902354fe18d7d23f63082a.256p.jpg,https://pcpartpicker.com/product/yb7G3C/nextorage-nem-pa-4-tb-m2-2280-nvme-solid-state-drive-nem-pa4tb,NVME,2000
storage,Corsair MP400 8 TB M.2-2280 PCIe 3.0 X4 NVME Solid State Drive (CSSD-F8000GBMP400),https://cdna.pcpartpicker.com/static/forever/images/product/ff845613cc0803168356a8450932e542.256p.jpg,https://pcpartpicker.com/product/x9gQzy/corsair-mp400-8-tb-m2-2280-nvme-solid-state-drive-cssd-f8000gbmp400,NVME,2000
storage,TEAMGROUP MP34Q 8 TB M.2-2280 PCIe 3.0 X4 NVME Solid State Drive (TM8FPJ8000G0C101),https://m.media-amazon.com/images/I/41awQkrRkSL.jpg,https://pcpartpicker.com/product/6QM48d/teamgroup-mp34q-8-tb-m2-2280-nvme-solid-state-drive-tm8fpj8000g0c101,NVME,2000
storage,HP FX900 Pro 4 TB M.2-2280 PCIe 4.0 X4 NVME Solid State Drive (4A3U2AA#ABB),https://m.media-amazon.com/images/I/41CDE-gWMyL.jpg,https://pcpartpicker.com/product/khkH99/hp-fx900-pro-4-tb-m2-2280-pcie-40-x4-nvme-solid-state-drive-4a3u2aaabb,NVME,2000
storage,Corsair MP600 CORE 4 TB M.2-2280 PCIe 4.0 X4 NVME Solid State Drive (CSSD-F4000GBMP600COR),https://cdna.pcpartpicker.com/static/forever/images/product/5bbef24f4f7850dd3a55bfb188316c74.256p.jpg,https://pcpartpicker.com/product/84tKHx/corsair-mp600-core-4-tb-m2-2280-nvme-solid-state-drive-cssd-f4000gbmp600cor,NVME,2000
storage,Fantom Drives VENOM8 4 TB M.2-2280 PCIe 4.0 X4 NVME Solid State Drive (VM8X40),https://m.media-amazon.com/images/I/41YUEUo1jgL.jpg,https://pcpartpicker.com/product/nxrqqs/fantom-drives-venom8-4-tb-m2-2280-pcie-40-x4-nvme-solid-state-drive-vm8x40,NVME,2000
storage,Corsair CSSD-F4000GBMP600PHX 4 TB M.2-2280 PCIe 4.0 X4 NVME Solid State Drive (CSSD-F4000GBMP600PHX),https://cdna.pcpartpicker.com/static/forever/images/product/eb771ed624b938d992adbd8783d2cc3b.256p.jpg,https://pcpartpicker.com/product/Q2jBD3/corsair-4-tb-m2-2280-nvme-solid-state-drive-cssd-f4000gbmp600phx,NVME,2000
storage,Sabrent Rocket Q4 4 TB M.2-2280 PCIe 4.0 X4 NVME Solid State Drive (SB-RKTQ4-HTSS-4TB),https://cdna.pcpartpicker.com/static/forever/images/product/565e8a2963f6ebbb12ba876da85b6070.256p.jpg,https://pcpartpicker.com/product/GyKKHx/sabrent-rocket-q4-4-tb-m2-2280-nvme-solid-state-drive-sb-rktq4-htss-4tb,NVME,2000
storage,Inland Gaming Performance Plus 4 TB M.2-2280 PCIe 4.0 X4 NVME Solid State Drive (4TB PER SSD PS5),https://m.media-amazon.com/images/I/31sRhU-Z6oL.jpg,https://pcpartpicker.com/product/XzbTwP/inland-gaming-performance-plus-4-tb-m2-2280-pcie-40-x4-nvme-solid-state-drive-4tb-per-ssd-ps5,NVME,2000
storage,TEAMGROUP T-Force Cardea Zero Z340 4 TB M.2-2280 PCIe 3.0 X4 NVME Solid State Drive (TM8FP9004T0C311),https://m.media-amazon.com/images/I/41s+xhqeshS.jpg,https://pcpartpicker.com/product/fjKKHx/teamgroup-t-force-cardea-zero-z340-4-tb-m2-2280-nvme-solid-state-drive-tm8fp9004t0c311,NVME,2000
storage,Inland Platinum 4 TB M.2-2280 PCIe 3.0 X4 NVME Solid State Drive (4TB QLC NVME),https://m.media-amazon.com/images/I/41hBWZM3OvL.jpg,https://pcpartpicker.com/product/9KhFf7/inland-platinum-4-tb-m2-2280-nvme-solid-state-drive-4tb-qlc-nvme,NVME,2000
storage,ADATA Legend 960 4 TB M.2-2280 PCIe 4.0 X4 NVME Solid State Drive (ALEG-960-4TCS),https://m.media-amazon.com/images/I/31PPFU1e2gL.jpg,https://pcpartpicker.com/product/YYdG3C/adata-legend-960-4-tb-m2-2280-pcie-40-x4-nvme-solid-state-drive-aleg-960-4tcs,NVME,2000
storage,PNY CS2130 8 TB M.2-2280 PCIe 3.0 X4 NVME Solid State Drive (M280CS2130-8TB-RB),https://cdna.pcpartpicker.com/static/forever/images/product/d3c8e6a3c2140e2532714e0b7c396379.256p.jpg,https://pcpartpicker.com/product/x7Z9TW/pny-cs2130-8-tb-m2-2280-nvme-solid-state-drive-m280cs2130-8tb-rb,NVME,2000
storage,TEAMGROUP T-Force Cardea A440 Pro 4 TB M.2-2280 PCIe 4.0 X4 NVME Solid State Drive (TM8FPR004T0C128),https://m.media-amazon.com/images/I/41n9EI38ZXL.jpg,https://pcpartpicker.com/product/jxBG3C/teamgroup-t-force-cardea-a440-pro-4-tb-m2-2280-nvme-solid-state-drive-tm8fpr004t0c128,NVME,2000
